-- Generated by backend/scripts/generate-seed-data.mjs
-- Source: frontend/src/data and frontend/src/constants
SET NAMES utf8mb4;
START TRANSACTION;
INSERT INTO content_versions (version_id, source, generated_at) VALUES ('interstellar_romance_frontend_content_v1', 'frontend/src/data', '2026-04-25 00:00:00') ON DUPLICATE KEY UPDATE version_id = VALUES(version_id), source = VALUES(source), generated_at = VALUES(generated_at);
INSERT INTO game_constants (constant_key, numeric_value, json_value, description) VALUES ('affection_thresholds', NULL, '{"VERY_HIGH":80,"HIGH":60,"MEDIUM":40,"LOW":20,"NONE":0}', 'Affection thresholds used by game rules.') ON DUPLICATE KEY UPDATE constant_key = VALUES(constant_key), numeric_value = VALUES(numeric_value), json_value = VALUES(json_value), description = VALUES(description);
INSERT INTO game_constants (constant_key, numeric_value, json_value, description) VALUES ('interaction_limits', NULL, '{"VERY_HIGH_AFFECTION":8,"HIGH_AFFECTION":6,"MEDIUM_AFFECTION":5,"LOW_MEDIUM_AFFECTION":4,"DEFAULT":3}', 'Daily interaction limits by affection band.') ON DUPLICATE KEY UPDATE constant_key = VALUES(constant_key), numeric_value = VALUES(numeric_value), json_value = VALUES(json_value), description = VALUES(description);
INSERT INTO game_constants (constant_key, numeric_value, json_value, description) VALUES ('compatibility_scores', NULL, '{"EXCELLENT":90,"VERY_GOOD":80,"GOOD":70,"AVERAGE":60,"POOR":50}', 'Compatibility score labels.') ON DUPLICATE KEY UPDATE constant_key = VALUES(constant_key), numeric_value = VALUES(numeric_value), json_value = VALUES(json_value), description = VALUES(description);
INSERT INTO game_constants (constant_key, numeric_value, json_value, description) VALUES ('stat_thresholds', NULL, '{"VERY_HIGH":80,"HIGH":70,"MEDIUM":60,"LOW":50}', 'Player stat threshold labels.') ON DUPLICATE KEY UPDATE constant_key = VALUES(constant_key), numeric_value = VALUES(numeric_value), json_value = VALUES(json_value), description = VALUES(description);
INSERT INTO game_constants (constant_key, numeric_value, json_value, description) VALUES ('milestone_thresholds', NULL, '{"FIRST_MEETING":1,"GETTING_CLOSER":15,"MUTUAL_INTEREST":30,"ROMANTIC_TENSION":50,"DEEP_CONNECTION":65,"COMMITMENT":80}', 'Relationship milestone thresholds.') ON DUPLICATE KEY UPDATE constant_key = VALUES(constant_key), numeric_value = VALUES(numeric_value), json_value = VALUES(json_value), description = VALUES(description);
INSERT INTO game_constants (constant_key, numeric_value, json_value, description) VALUES ('personality_growth_limits', NULL, '{"MAX_GROWTH":10,"MIN_GROWTH":0,"DEFAULT_BASE":5,"MAJOR_CHANGE_THRESHOLD":5}', 'Personality growth limits.') ON DUPLICATE KEY UPDATE constant_key = VALUES(constant_key), numeric_value = VALUES(numeric_value), json_value = VALUES(json_value), description = VALUES(description);
INSERT INTO game_constants (constant_key, numeric_value, json_value, description) VALUES ('validation_limits', NULL, '{"MIN_AFFECTION":0,"MAX_AFFECTION":100,"MIN_COMPATIBILITY":0,"MAX_COMPATIBILITY":100,"MIN_STAT_VALUE":0,"MAX_STAT_VALUE":100}', 'Input validation limits.') ON DUPLICATE KEY UPDATE constant_key = VALUES(constant_key), numeric_value = VALUES(numeric_value), json_value = VALUES(json_value), description = VALUES(description);
INSERT INTO game_constants (constant_key, numeric_value, json_value, description) VALUES ('default_known_info', NULL, '{"name":true,"appearance":true,"species":false,"basicPersonality":false,"mood":false,"interests":false,"conversationStyle":false,"values":false,"background":false,"goals":false,"dealbreakers":false,"favoriteTopics":false,"deepPersonality":false,"secretTraits":false}', 'Initial progressive disclosure state.') ON DUPLICATE KEY UPDATE constant_key = VALUES(constant_key), numeric_value = VALUES(numeric_value), json_value = VALUES(json_value), description = VALUES(description);
INSERT INTO knowledge_unlock_rules (info_key, required_affection, required_milestone_count, sort_order) VALUES ('name', NULL, NULL, 0) ON DUPLICATE KEY UPDATE info_key = VALUES(info_key), required_affection = VALUES(required_affection), required_milestone_count = VALUES(required_milestone_count), sort_order = VALUES(sort_order);
INSERT INTO knowledge_unlock_rules (info_key, required_affection, required_milestone_count, sort_order) VALUES ('appearance', NULL, NULL, 1) ON DUPLICATE KEY UPDATE info_key = VALUES(info_key), required_affection = VALUES(required_affection), required_milestone_count = VALUES(required_milestone_count), sort_order = VALUES(sort_order);
INSERT INTO knowledge_unlock_rules (info_key, required_affection, required_milestone_count, sort_order) VALUES ('species', 0, NULL, 2) ON DUPLICATE KEY UPDATE info_key = VALUES(info_key), required_affection = VALUES(required_affection), required_milestone_count = VALUES(required_milestone_count), sort_order = VALUES(sort_order);
INSERT INTO knowledge_unlock_rules (info_key, required_affection, required_milestone_count, sort_order) VALUES ('basicPersonality', 0, NULL, 3) ON DUPLICATE KEY UPDATE info_key = VALUES(info_key), required_affection = VALUES(required_affection), required_milestone_count = VALUES(required_milestone_count), sort_order = VALUES(sort_order);
INSERT INTO knowledge_unlock_rules (info_key, required_affection, required_milestone_count, sort_order) VALUES ('mood', 5, NULL, 4) ON DUPLICATE KEY UPDATE info_key = VALUES(info_key), required_affection = VALUES(required_affection), required_milestone_count = VALUES(required_milestone_count), sort_order = VALUES(sort_order);
INSERT INTO knowledge_unlock_rules (info_key, required_affection, required_milestone_count, sort_order) VALUES ('interests', 10, NULL, 5) ON DUPLICATE KEY UPDATE info_key = VALUES(info_key), required_affection = VALUES(required_affection), required_milestone_count = VALUES(required_milestone_count), sort_order = VALUES(sort_order);
INSERT INTO knowledge_unlock_rules (info_key, required_affection, required_milestone_count, sort_order) VALUES ('conversationStyle', 15, NULL, 6) ON DUPLICATE KEY UPDATE info_key = VALUES(info_key), required_affection = VALUES(required_affection), required_milestone_count = VALUES(required_milestone_count), sort_order = VALUES(sort_order);
INSERT INTO knowledge_unlock_rules (info_key, required_affection, required_milestone_count, sort_order) VALUES ('values', 25, NULL, 7) ON DUPLICATE KEY UPDATE info_key = VALUES(info_key), required_affection = VALUES(required_affection), required_milestone_count = VALUES(required_milestone_count), sort_order = VALUES(sort_order);
INSERT INTO knowledge_unlock_rules (info_key, required_affection, required_milestone_count, sort_order) VALUES ('background', 35, NULL, 8) ON DUPLICATE KEY UPDATE info_key = VALUES(info_key), required_affection = VALUES(required_affection), required_milestone_count = VALUES(required_milestone_count), sort_order = VALUES(sort_order);
INSERT INTO knowledge_unlock_rules (info_key, required_affection, required_milestone_count, sort_order) VALUES ('goals', 50, NULL, 9) ON DUPLICATE KEY UPDATE info_key = VALUES(info_key), required_affection = VALUES(required_affection), required_milestone_count = VALUES(required_milestone_count), sort_order = VALUES(sort_order);
INSERT INTO knowledge_unlock_rules (info_key, required_affection, required_milestone_count, sort_order) VALUES ('dealbreakers', 60, NULL, 10) ON DUPLICATE KEY UPDATE info_key = VALUES(info_key), required_affection = VALUES(required_affection), required_milestone_count = VALUES(required_milestone_count), sort_order = VALUES(sort_order);
INSERT INTO knowledge_unlock_rules (info_key, required_affection, required_milestone_count, sort_order) VALUES ('favoriteTopics', 70, NULL, 11) ON DUPLICATE KEY UPDATE info_key = VALUES(info_key), required_affection = VALUES(required_affection), required_milestone_count = VALUES(required_milestone_count), sort_order = VALUES(sort_order);
INSERT INTO knowledge_unlock_rules (info_key, required_affection, required_milestone_count, sort_order) VALUES ('deepPersonality', NULL, 2, 12) ON DUPLICATE KEY UPDATE info_key = VALUES(info_key), required_affection = VALUES(required_affection), required_milestone_count = VALUES(required_milestone_count), sort_order = VALUES(sort_order);
INSERT INTO knowledge_unlock_rules (info_key, required_affection, required_milestone_count, sort_order) VALUES ('secretTraits', NULL, 4, 13) ON DUPLICATE KEY UPDATE info_key = VALUES(info_key), required_affection = VALUES(required_affection), required_milestone_count = VALUES(required_milestone_count), sort_order = VALUES(sort_order);
INSERT INTO relationship_levels (level_key, min_affection, max_affection, title_template, description_template, sort_order) VALUES ('stranger', 0, 10, 'Unknown', 'You''ve just met {character}. There''s much to discover about this intriguing individual.', 0) ON DUPLICATE KEY UPDATE level_key = VALUES(level_key), min_affection = VALUES(min_affection), max_affection = VALUES(max_affection), title_template = VALUES(title_template), description_template = VALUES(description_template), sort_order = VALUES(sort_order);
INSERT INTO relationship_levels (level_key, min_affection, max_affection, title_template, description_template, sort_order) VALUES ('acquaintance', 11, 20, 'New Acquaintance', 'You and {character} are getting to know each other. First impressions are forming.', 1) ON DUPLICATE KEY UPDATE level_key = VALUES(level_key), min_affection = VALUES(min_affection), max_affection = VALUES(max_affection), title_template = VALUES(title_template), description_template = VALUES(description_template), sort_order = VALUES(sort_order);
INSERT INTO relationship_levels (level_key, min_affection, max_affection, title_template, description_template, sort_order) VALUES ('friend', 21, 35, 'Friend', '{character} has become a valued friend. You enjoy each other''s company and conversation.', 2) ON DUPLICATE KEY UPDATE level_key = VALUES(level_key), min_affection = VALUES(min_affection), max_affection = VALUES(max_affection), title_template = VALUES(title_template), description_template = VALUES(description_template), sort_order = VALUES(sort_order);
INSERT INTO relationship_levels (level_key, min_affection, max_affection, title_template, description_template, sort_order) VALUES ('close_friend', 36, 50, 'Close Friend', 'You and {character} share a deep friendship built on trust and mutual understanding.', 3) ON DUPLICATE KEY UPDATE level_key = VALUES(level_key), min_affection = VALUES(min_affection), max_affection = VALUES(max_affection), title_template = VALUES(title_template), description_template = VALUES(description_template), sort_order = VALUES(sort_order);
INSERT INTO relationship_levels (level_key, min_affection, max_affection, title_template, description_template, sort_order) VALUES ('romantic_interest', 51, 65, 'Romantic Interest', 'There''s a spark between you and {character}. Romance is blossoming in your relationship.', 4) ON DUPLICATE KEY UPDATE level_key = VALUES(level_key), min_affection = VALUES(min_affection), max_affection = VALUES(max_affection), title_template = VALUES(title_template), description_template = VALUES(description_template), sort_order = VALUES(sort_order);
INSERT INTO relationship_levels (level_key, min_affection, max_affection, title_template, description_template, sort_order) VALUES ('dating', 66, 80, 'Dating', 'You and {character} are officially dating. Your romantic connection continues to deepen.', 5) ON DUPLICATE KEY UPDATE level_key = VALUES(level_key), min_affection = VALUES(min_affection), max_affection = VALUES(max_affection), title_template = VALUES(title_template), description_template = VALUES(description_template), sort_order = VALUES(sort_order);
INSERT INTO relationship_levels (level_key, min_affection, max_affection, title_template, description_template, sort_order) VALUES ('committed_partner', 81, 95, 'Committed Partner', '{character} is your committed romantic partner. Your bond is strong and meaningful.', 6) ON DUPLICATE KEY UPDATE level_key = VALUES(level_key), min_affection = VALUES(min_affection), max_affection = VALUES(max_affection), title_template = VALUES(title_template), description_template = VALUES(description_template), sort_order = VALUES(sort_order);
INSERT INTO relationship_levels (level_key, min_affection, max_affection, title_template, description_template, sort_order) VALUES ('soulmate', 96, 100, 'Soulmate', '{character} is your soulmate. Your connection transcends the ordinary - a perfect union of hearts and minds.', 7) ON DUPLICATE KEY UPDATE level_key = VALUES(level_key), min_affection = VALUES(min_affection), max_affection = VALUES(max_affection), title_template = VALUES(title_template), description_template = VALUES(description_template), sort_order = VALUES(sort_order);
INSERT INTO characters (character_id, name, species, gender, personality, image, profile_json, relationship_template_json, sort_order, updated_at) VALUES ('kyrathen', 'Kyra''then', 'Aviari - Sky Warrior', 'male', 'Noble • Protective • Wise', './images/characters/kyrathen.png', '{"interests":[{"id":"flight","name":"Aerial Navigation","category":"adventure","intensity":5},{"id":"honor","name":"Warrior Code","category":"philosophy","intensity":4},{"id":"history","name":"Ancient Traditions","category":"culture","intensity":4},{"id":"leadership","name":"Strategic Command","category":"technology","intensity":3}],"dealbreakers":["Dishonesty","Cowardice","Disrespect for nature"],"preferredActivities":["adventurous","cultural","intellectual"],"conversationStyle":"serious","values":["honor","loyalty","tradition","freedom"],"background":"Desert clan chieftain who united the scattered sky tribes through diplomacy and strength","goals":"To bridge the gap between ancient traditions and modern galactic society","favoriteTopics":["Flight techniques","Tribal history","Honor duels","Desert survival"]}', '{"level":"stranger","title":"Unknown","description":"You''ve just met Kyra''then. There''s much to discover about this intriguing individual.","compatibility":0,"trust":0,"intimacy":0,"commitment":0,"communicationStyle":{"compatibility":50,"playerPreference":"emotional","characterStyle":"direct","adaptationLevel":0},"sharedExperiences":0,"conflicts":0,"lastStatusChange":null}', 0, '2026-04-25 00:00:00') ON DUPLICATE KEY UPDATE character_id = VALUES(character_id), name = VALUES(name), species = VALUES(species), gender = VALUES(gender), personality = VALUES(personality), image = VALUES(image), profile_json = VALUES(profile_json), relationship_template_json = VALUES(relationship_template_json), sort_order = VALUES(sort_order), updated_at = VALUES(updated_at);
INSERT INTO characters (character_id, name, species, gender, personality, image, profile_json, relationship_template_json, sort_order, updated_at) VALUES ('seraphina', 'Seraphina Voidwhisper', 'Mystari - Dimensional Sage', 'female', 'Mystical • Intuitive • Enigmatic', './images/characters/seraphina.png', '{"interests":[{"id":"meditation","name":"Dimensional Meditation","category":"philosophy","intensity":5},{"id":"prophecy","name":"Future Sight","category":"science","intensity":4},{"id":"crystals","name":"Crystal Resonance","category":"technology","intensity":4},{"id":"dreams","name":"Dream Walking","category":"arts","intensity":3}],"dealbreakers":["Materialistic focus","Closed-mindedness","Aggressive behavior"],"preferredActivities":["intellectual","romantic","cultural"],"conversationStyle":"philosophical","values":["empathy","harmony","growth","tradition"],"background":"Oracle of the Blue Temples who can peer across dimensional barriers","goals":"To guide others toward enlightenment and cosmic understanding","favoriteTopics":["Dimensional theory","Spiritual growth","Ancient prophecies","Energy manipulation"]}', '{"level":"stranger","title":"Unknown","description":"You''ve just met Seraphina Voidwhisper. There''s much to discover about this intriguing individual.","compatibility":0,"trust":0,"intimacy":0,"commitment":0,"communicationStyle":{"compatibility":50,"playerPreference":"emotional","characterStyle":"direct","adaptationLevel":0},"sharedExperiences":0,"conflicts":0,"lastStatusChange":null}', 1, '2026-04-25 00:00:00') ON DUPLICATE KEY UPDATE character_id = VALUES(character_id), name = VALUES(name), species = VALUES(species), gender = VALUES(gender), personality = VALUES(personality), image = VALUES(image), profile_json = VALUES(profile_json), relationship_template_json = VALUES(relationship_template_json), sort_order = VALUES(sort_order), updated_at = VALUES(updated_at);
INSERT INTO characters (character_id, name, species, gender, personality, image, profile_json, relationship_template_json, sort_order, updated_at) VALUES ('thessarian', 'Dr. Thessarian Brightleaf', 'Sylvani - Biotechnician', 'non-binary', 'Analytical • Innovative • Precise', './images/characters/thessarian.png', '{"interests":[{"id":"biotech","name":"Biotechnology","category":"technology","intensity":5},{"id":"genetics","name":"Genetic Engineering","category":"science","intensity":5},{"id":"research","name":"Scientific Method","category":"science","intensity":4},{"id":"innovation","name":"Technological Innovation","category":"technology","intensity":4}],"dealbreakers":["Anti-science views","Deliberate ignorance","Destruction of knowledge"],"preferredActivities":["intellectual","creative","adventurous"],"conversationStyle":"analytical","values":["innovation","efficiency","growth","loyalty"],"background":"Lead researcher at the Galactic Biotechnology Institute, specializing in cross-species compatibility","goals":"To advance understanding of biological diversity and create beneficial symbioses","favoriteTopics":["Genetic sequences","Bioengineering","Research methodology","Scientific ethics"]}', '{"level":"stranger","title":"Unknown","description":"You''ve just met Dr. Thessarian Brightleaf. There''s much to discover about this intriguing individual.","compatibility":0,"trust":0,"intimacy":0,"commitment":0,"communicationStyle":{"compatibility":50,"playerPreference":"emotional","characterStyle":"direct","adaptationLevel":0},"sharedExperiences":0,"conflicts":0,"lastStatusChange":null}', 2, '2026-04-25 00:00:00') ON DUPLICATE KEY UPDATE character_id = VALUES(character_id), name = VALUES(name), species = VALUES(species), gender = VALUES(gender), personality = VALUES(personality), image = VALUES(image), profile_json = VALUES(profile_json), relationship_template_json = VALUES(relationship_template_json), sort_order = VALUES(sort_order), updated_at = VALUES(updated_at);
INSERT INTO characters (character_id, name, species, gender, personality, image, profile_json, relationship_template_json, sort_order, updated_at) VALUES ('lyralynn', 'Lyralynn Bloomheart', 'Florani - Garden Keeper', 'female', 'Nurturing • Peaceful • Connected', './images/characters/lyralynn.png', '{"interests":[{"id":"botany","name":"Plant Biology","category":"nature","intensity":5},{"id":"ecology","name":"Ecosystem Balance","category":"nature","intensity":5},{"id":"growth","name":"Organic Growth","category":"science","intensity":4},{"id":"harmony","name":"Natural Harmony","category":"philosophy","intensity":4}],"dealbreakers":["Environmental destruction","Artificial enhancement addiction","Disconnection from nature"],"preferredActivities":["relaxing","cultural","romantic"],"conversationStyle":"emotional","values":["harmony","growth","empathy","tradition"],"background":"Guardian of the Great Forest, responsible for maintaining the balance between civilization and nature","goals":"To help others find their connection to the natural world and inner growth","favoriteTopics":["Plant cultivation","Natural cycles","Emotional healing","Sustainable living"]}', '{"level":"stranger","title":"Unknown","description":"You''ve just met Lyralynn Bloomheart. There''s much to discover about this intriguing individual.","compatibility":0,"trust":0,"intimacy":0,"commitment":0,"communicationStyle":{"compatibility":50,"playerPreference":"emotional","characterStyle":"direct","adaptationLevel":0},"sharedExperiences":0,"conflicts":0,"lastStatusChange":null}', 3, '2026-04-25 00:00:00') ON DUPLICATE KEY UPDATE character_id = VALUES(character_id), name = VALUES(name), species = VALUES(species), gender = VALUES(gender), personality = VALUES(personality), image = VALUES(image), profile_json = VALUES(profile_json), relationship_template_json = VALUES(relationship_template_json), sort_order = VALUES(sort_order), updated_at = VALUES(updated_at);
INSERT INTO characters (character_id, name, species, gender, personality, image, profile_json, relationship_template_json, sort_order, updated_at) VALUES ('zarantha', 'Commander Zarantha Scales', 'Draconi - Elite Guard', 'female', 'Confident • Ambitious • Tactical', './images/characters/zarantha.png', '{"interests":[{"id":"strategy","name":"Military Strategy","category":"technology","intensity":5},{"id":"combat","name":"Combat Training","category":"adventure","intensity":4},{"id":"leadership","name":"Command Structure","category":"culture","intensity":4},{"id":"technology","name":"Advanced Weaponry","category":"technology","intensity":3}],"dealbreakers":["Weakness","Betrayal","Incompetence in critical situations"],"preferredActivities":["adventurous","intellectual","social"],"conversationStyle":"direct","values":["honor","efficiency","loyalty","freedom"],"background":"Elite military commander who rose through the ranks to become the youngest general in Draconi history","goals":"To prove that strength and intelligence combined can overcome any obstacle","favoriteTopics":["Battle tactics","Leadership philosophy","Technological advancement","Personal achievement"]}', '{"level":"stranger","title":"Unknown","description":"You''ve just met Commander Zarantha Scales. There''s much to discover about this intriguing individual.","compatibility":0,"trust":0,"intimacy":0,"commitment":0,"communicationStyle":{"compatibility":50,"playerPreference":"emotional","characterStyle":"direct","adaptationLevel":0},"sharedExperiences":0,"conflicts":0,"lastStatusChange":null}', 4, '2026-04-25 00:00:00') ON DUPLICATE KEY UPDATE character_id = VALUES(character_id), name = VALUES(name), species = VALUES(species), gender = VALUES(gender), personality = VALUES(personality), image = VALUES(image), profile_json = VALUES(profile_json), relationship_template_json = VALUES(relationship_template_json), sort_order = VALUES(sort_order), updated_at = VALUES(updated_at);
INSERT INTO characters (character_id, name, species, gender, personality, image, profile_json, relationship_template_json, sort_order, updated_at) VALUES ('thalassos', 'High Priest Thalassos', 'Aquari - Deep Sage', 'male', 'Wise • Contemplative • Spiritual', './images/characters/thalassos.png', '{"interests":[{"id":"spirituality","name":"Ancient Rituals","category":"philosophy","intensity":5},{"id":"ocean","name":"Ocean Mysteries","category":"nature","intensity":5},{"id":"meditation","name":"Deep Meditation","category":"philosophy","intensity":4},{"id":"history","name":"Aquatic Civilizations","category":"culture","intensity":4}],"dealbreakers":["Disrespect for sacred traditions","Pollution of water sources","Shallow thinking"],"preferredActivities":["intellectual","cultural","romantic"],"conversationStyle":"philosophical","values":["tradition","harmony","empathy","honor"],"background":"High Priest of the Deep Temples, keeper of ancient aquatic knowledge and rituals","goals":"To preserve ancient wisdom while guiding others through spiritual transformation","favoriteTopics":["Ocean lore","Spiritual practices","Ancient ceremonies","Water meditation"]}', '{"level":"stranger","title":"Unknown","description":"You''ve just met High Priest Thalassos. There''s much to discover about this intriguing individual.","compatibility":0,"trust":0,"intimacy":0,"commitment":0,"communicationStyle":{"compatibility":50,"playerPreference":"emotional","characterStyle":"direct","adaptationLevel":0},"sharedExperiences":0,"conflicts":0,"lastStatusChange":null}', 5, '2026-04-25 00:00:00') ON DUPLICATE KEY UPDATE character_id = VALUES(character_id), name = VALUES(name), species = VALUES(species), gender = VALUES(gender), personality = VALUES(personality), image = VALUES(image), profile_json = VALUES(profile_json), relationship_template_json = VALUES(relationship_template_json), sort_order = VALUES(sort_order), updated_at = VALUES(updated_at);
INSERT INTO characters (character_id, name, species, gender, personality, image, profile_json, relationship_template_json, sort_order, updated_at) VALUES ('nightshade', 'Nightshade Voidwalker', 'Umbra - Shadow Operative', 'other', 'Mysterious • Intense • Protective', './images/characters/nightshade.png', '{"interests":[{"id":"stealth","name":"Shadow Arts","category":"adventure","intensity":5},{"id":"technology","name":"Advanced Tech","category":"technology","intensity":4},{"id":"mystery","name":"Unsolved Mysteries","category":"science","intensity":4},{"id":"protection","name":"Guardian Protocols","category":"philosophy","intensity":3}],"dealbreakers":["Betrayal of trust","Unnecessary cruelty","Exposure of secrets"],"preferredActivities":["adventurous","intellectual","romantic"],"conversationStyle":"direct","values":["loyalty","freedom","honor","efficiency"],"background":"Elite operative from the Shadow Realm, sworn to protect interdimensional stability","goals":"To maintain balance between light and shadow while finding personal connection","favoriteTopics":["Dimensional physics","Stealth techniques","Protection strategies","Energy manipulation"]}', '{"level":"stranger","title":"Unknown","description":"You''ve just met Nightshade Voidwalker. There''s much to discover about this intriguing individual.","compatibility":0,"trust":0,"intimacy":0,"commitment":0,"communicationStyle":{"compatibility":50,"playerPreference":"emotional","characterStyle":"direct","adaptationLevel":0},"sharedExperiences":0,"conflicts":0,"lastStatusChange":null}', 6, '2026-04-25 00:00:00') ON DUPLICATE KEY UPDATE character_id = VALUES(character_id), name = VALUES(name), species = VALUES(species), gender = VALUES(gender), personality = VALUES(personality), image = VALUES(image), profile_json = VALUES(profile_json), relationship_template_json = VALUES(relationship_template_json), sort_order = VALUES(sort_order), updated_at = VALUES(updated_at);
INSERT INTO characters (character_id, name, species, gender, personality, image, profile_json, relationship_template_json, sort_order, updated_at) VALUES ('kronos', 'Dr. Kronos Mindweave', 'Cephalopi - Neural Engineer', 'male', 'Brilliant • Curious • Complex', './images/characters/kronos.png', '{"interests":[{"id":"neuroscience","name":"Neural Networks","category":"science","intensity":5},{"id":"cybernetics","name":"Bio-Cybernetics","category":"technology","intensity":5},{"id":"consciousness","name":"Consciousness Studies","category":"philosophy","intensity":4},{"id":"innovation","name":"Mental Enhancement","category":"technology","intensity":4}],"dealbreakers":["Mental stagnation","Fear of progress","Rejection of enhancement"],"preferredActivities":["intellectual","creative","social"],"conversationStyle":"analytical","values":["innovation","growth","efficiency","freedom"],"background":"Pioneering researcher in neural-cybernetic interfaces, pushing the boundaries of consciousness","goals":"To unlock the full potential of biological and artificial intelligence integration","favoriteTopics":["Neural pathways","Cybernetic enhancement","Consciousness theory","Mental evolution"]}', '{"level":"stranger","title":"Unknown","description":"You''ve just met Dr. Kronos Mindweave. There''s much to discover about this intriguing individual.","compatibility":0,"trust":0,"intimacy":0,"commitment":0,"communicationStyle":{"compatibility":50,"playerPreference":"emotional","characterStyle":"direct","adaptationLevel":0},"sharedExperiences":0,"conflicts":0,"lastStatusChange":null}', 7, '2026-04-25 00:00:00') ON DUPLICATE KEY UPDATE character_id = VALUES(character_id), name = VALUES(name), species = VALUES(species), gender = VALUES(gender), personality = VALUES(personality), image = VALUES(image), profile_json = VALUES(profile_json), relationship_template_json = VALUES(relationship_template_json), sort_order = VALUES(sort_order), updated_at = VALUES(updated_at);
INSERT INTO character_personality_traits (character_id, source_key, trait_key, base_value, current_value, max_growth, min_growth) VALUES ('kyrathen', 'active', 'protective', 8, 8, 10, 5) ON DUPLICATE KEY UPDATE character_id = VALUES(character_id), source_key = VALUES(source_key), trait_key = VALUES(trait_key), base_value = VALUES(base_value), current_value = VALUES(current_value), max_growth = VALUES(max_growth), min_growth = VALUES(min_growth);
INSERT INTO character_personality_traits (character_id, source_key, trait_key, base_value, current_value, max_growth, min_growth) VALUES ('kyrathen', 'active', 'traditional', 9, 9, 10, 7) ON DUPLICATE KEY UPDATE character_id = VALUES(character_id), source_key = VALUES(source_key), trait_key = VALUES(trait_key), base_value = VALUES(base_value), current_value = VALUES(current_value), max_growth = VALUES(max_growth), min_growth = VALUES(min_growth);
INSERT INTO character_personality_traits (character_id, source_key, trait_key, base_value, current_value, max_growth, min_growth) VALUES ('kyrathen', 'active', 'noble', 7, 7, 10, 4) ON DUPLICATE KEY UPDATE character_id = VALUES(character_id), source_key = VALUES(source_key), trait_key = VALUES(trait_key), base_value = VALUES(base_value), current_value = VALUES(current_value), max_growth = VALUES(max_growth), min_growth = VALUES(min_growth);
INSERT INTO character_personality_traits (character_id, source_key, trait_key, base_value, current_value, max_growth, min_growth) VALUES ('seraphina', 'active', 'intuitive', 9, 9, 10, 7) ON DUPLICATE KEY UPDATE character_id = VALUES(character_id), source_key = VALUES(source_key), trait_key = VALUES(trait_key), base_value = VALUES(base_value), current_value = VALUES(current_value), max_growth = VALUES(max_growth), min_growth = VALUES(min_growth);
INSERT INTO character_personality_traits (character_id, source_key, trait_key, base_value, current_value, max_growth, min_growth) VALUES ('seraphina', 'active', 'mystical', 10, 10, 10, 8) ON DUPLICATE KEY UPDATE character_id = VALUES(character_id), source_key = VALUES(source_key), trait_key = VALUES(trait_key), base_value = VALUES(base_value), current_value = VALUES(current_value), max_growth = VALUES(max_growth), min_growth = VALUES(min_growth);
INSERT INTO character_personality_traits (character_id, source_key, trait_key, base_value, current_value, max_growth, min_growth) VALUES ('seraphina', 'active', 'compassionate', 8, 8, 10, 5) ON DUPLICATE KEY UPDATE character_id = VALUES(character_id), source_key = VALUES(source_key), trait_key = VALUES(trait_key), base_value = VALUES(base_value), current_value = VALUES(current_value), max_growth = VALUES(max_growth), min_growth = VALUES(min_growth);
INSERT INTO character_personality_traits (character_id, source_key, trait_key, base_value, current_value, max_growth, min_growth) VALUES ('thessarian', 'active', 'analytical', 10, 10, 10, 8) ON DUPLICATE KEY UPDATE character_id = VALUES(character_id), source_key = VALUES(source_key), trait_key = VALUES(trait_key), base_value = VALUES(base_value), current_value = VALUES(current_value), max_growth = VALUES(max_growth), min_growth = VALUES(min_growth);
INSERT INTO character_personality_traits (character_id, source_key, trait_key, base_value, current_value, max_growth, min_growth) VALUES ('thessarian', 'active', 'innovative', 9, 9, 10, 6) ON DUPLICATE KEY UPDATE character_id = VALUES(character_id), source_key = VALUES(source_key), trait_key = VALUES(trait_key), base_value = VALUES(base_value), current_value = VALUES(current_value), max_growth = VALUES(max_growth), min_growth = VALUES(min_growth);
INSERT INTO character_personality_traits (character_id, source_key, trait_key, base_value, current_value, max_growth, min_growth) VALUES ('thessarian', 'active', 'precise', 8, 8, 10, 5) ON DUPLICATE KEY UPDATE character_id = VALUES(character_id), source_key = VALUES(source_key), trait_key = VALUES(trait_key), base_value = VALUES(base_value), current_value = VALUES(current_value), max_growth = VALUES(max_growth), min_growth = VALUES(min_growth);
INSERT INTO character_personality_traits (character_id, source_key, trait_key, base_value, current_value, max_growth, min_growth) VALUES ('lyralynn', 'active', 'nurturing', 10, 10, 10, 8) ON DUPLICATE KEY UPDATE character_id = VALUES(character_id), source_key = VALUES(source_key), trait_key = VALUES(trait_key), base_value = VALUES(base_value), current_value = VALUES(current_value), max_growth = VALUES(max_growth), min_growth = VALUES(min_growth);
INSERT INTO character_personality_traits (character_id, source_key, trait_key, base_value, current_value, max_growth, min_growth) VALUES ('lyralynn', 'active', 'peaceful', 9, 9, 10, 6) ON DUPLICATE KEY UPDATE character_id = VALUES(character_id), source_key = VALUES(source_key), trait_key = VALUES(trait_key), base_value = VALUES(base_value), current_value = VALUES(current_value), max_growth = VALUES(max_growth), min_growth = VALUES(min_growth);
INSERT INTO character_personality_traits (character_id, source_key, trait_key, base_value, current_value, max_growth, min_growth) VALUES ('lyralynn', 'active', 'connected', 8, 8, 10, 5) ON DUPLICATE KEY UPDATE character_id = VALUES(character_id), source_key = VALUES(source_key), trait_key = VALUES(trait_key), base_value = VALUES(base_value), current_value = VALUES(current_value), max_growth = VALUES(max_growth), min_growth = VALUES(min_growth);
INSERT INTO character_personality_traits (character_id, source_key, trait_key, base_value, current_value, max_growth, min_growth) VALUES ('zarantha', 'active', 'confident', 9, 9, 10, 6) ON DUPLICATE KEY UPDATE character_id = VALUES(character_id), source_key = VALUES(source_key), trait_key = VALUES(trait_key), base_value = VALUES(base_value), current_value = VALUES(current_value), max_growth = VALUES(max_growth), min_growth = VALUES(min_growth);
INSERT INTO character_personality_traits (character_id, source_key, trait_key, base_value, current_value, max_growth, min_growth) VALUES ('zarantha', 'active', 'ambitious', 8, 8, 10, 5) ON DUPLICATE KEY UPDATE character_id = VALUES(character_id), source_key = VALUES(source_key), trait_key = VALUES(trait_key), base_value = VALUES(base_value), current_value = VALUES(current_value), max_growth = VALUES(max_growth), min_growth = VALUES(min_growth);
INSERT INTO character_personality_traits (character_id, source_key, trait_key, base_value, current_value, max_growth, min_growth) VALUES ('zarantha', 'active', 'tactical', 10, 10, 10, 7) ON DUPLICATE KEY UPDATE character_id = VALUES(character_id), source_key = VALUES(source_key), trait_key = VALUES(trait_key), base_value = VALUES(base_value), current_value = VALUES(current_value), max_growth = VALUES(max_growth), min_growth = VALUES(min_growth);
INSERT INTO character_personality_traits (character_id, source_key, trait_key, base_value, current_value, max_growth, min_growth) VALUES ('thalassos', 'active', 'wise', 10, 10, 10, 8) ON DUPLICATE KEY UPDATE character_id = VALUES(character_id), source_key = VALUES(source_key), trait_key = VALUES(trait_key), base_value = VALUES(base_value), current_value = VALUES(current_value), max_growth = VALUES(max_growth), min_growth = VALUES(min_growth);
INSERT INTO character_personality_traits (character_id, source_key, trait_key, base_value, current_value, max_growth, min_growth) VALUES ('thalassos', 'active', 'contemplative', 9, 9, 10, 6) ON DUPLICATE KEY UPDATE character_id = VALUES(character_id), source_key = VALUES(source_key), trait_key = VALUES(trait_key), base_value = VALUES(base_value), current_value = VALUES(current_value), max_growth = VALUES(max_growth), min_growth = VALUES(min_growth);
INSERT INTO character_personality_traits (character_id, source_key, trait_key, base_value, current_value, max_growth, min_growth) VALUES ('thalassos', 'active', 'spiritual', 8, 8, 10, 5) ON DUPLICATE KEY UPDATE character_id = VALUES(character_id), source_key = VALUES(source_key), trait_key = VALUES(trait_key), base_value = VALUES(base_value), current_value = VALUES(current_value), max_growth = VALUES(max_growth), min_growth = VALUES(min_growth);
INSERT INTO character_personality_traits (character_id, source_key, trait_key, base_value, current_value, max_growth, min_growth) VALUES ('nightshade', 'active', 'mysterious', 10, 10, 10, 8) ON DUPLICATE KEY UPDATE character_id = VALUES(character_id), source_key = VALUES(source_key), trait_key = VALUES(trait_key), base_value = VALUES(base_value), current_value = VALUES(current_value), max_growth = VALUES(max_growth), min_growth = VALUES(min_growth);
INSERT INTO character_personality_traits (character_id, source_key, trait_key, base_value, current_value, max_growth, min_growth) VALUES ('nightshade', 'active', 'intense', 8, 8, 10, 5) ON DUPLICATE KEY UPDATE character_id = VALUES(character_id), source_key = VALUES(source_key), trait_key = VALUES(trait_key), base_value = VALUES(base_value), current_value = VALUES(current_value), max_growth = VALUES(max_growth), min_growth = VALUES(min_growth);
INSERT INTO character_personality_traits (character_id, source_key, trait_key, base_value, current_value, max_growth, min_growth) VALUES ('nightshade', 'active', 'protective', 9, 9, 10, 6) ON DUPLICATE KEY UPDATE character_id = VALUES(character_id), source_key = VALUES(source_key), trait_key = VALUES(trait_key), base_value = VALUES(base_value), current_value = VALUES(current_value), max_growth = VALUES(max_growth), min_growth = VALUES(min_growth);
INSERT INTO character_personality_traits (character_id, source_key, trait_key, base_value, current_value, max_growth, min_growth) VALUES ('kronos', 'active', 'brilliant', 10, 10, 10, 8) ON DUPLICATE KEY UPDATE character_id = VALUES(character_id), source_key = VALUES(source_key), trait_key = VALUES(trait_key), base_value = VALUES(base_value), current_value = VALUES(current_value), max_growth = VALUES(max_growth), min_growth = VALUES(min_growth);
INSERT INTO character_personality_traits (character_id, source_key, trait_key, base_value, current_value, max_growth, min_growth) VALUES ('kronos', 'active', 'curious', 9, 9, 10, 7) ON DUPLICATE KEY UPDATE character_id = VALUES(character_id), source_key = VALUES(source_key), trait_key = VALUES(trait_key), base_value = VALUES(base_value), current_value = VALUES(current_value), max_growth = VALUES(max_growth), min_growth = VALUES(min_growth);
INSERT INTO character_personality_traits (character_id, source_key, trait_key, base_value, current_value, max_growth, min_growth) VALUES ('kronos', 'active', 'complex', 8, 8, 10, 5) ON DUPLICATE KEY UPDATE character_id = VALUES(character_id), source_key = VALUES(source_key), trait_key = VALUES(trait_key), base_value = VALUES(base_value), current_value = VALUES(current_value), max_growth = VALUES(max_growth), min_growth = VALUES(min_growth);
INSERT INTO character_personality_traits (character_id, source_key, trait_key, base_value, current_value, max_growth, min_growth) VALUES ('aerarfin', 'legacy', 'confidence', 85, 85, 95, 60) ON DUPLICATE KEY UPDATE character_id = VALUES(character_id), source_key = VALUES(source_key), trait_key = VALUES(trait_key), base_value = VALUES(base_value), current_value = VALUES(current_value), max_growth = VALUES(max_growth), min_growth = VALUES(min_growth);
INSERT INTO character_personality_traits (character_id, source_key, trait_key, base_value, current_value, max_growth, min_growth) VALUES ('aerarfin', 'legacy', 'openness', 90, 90, 95, 70) ON DUPLICATE KEY UPDATE character_id = VALUES(character_id), source_key = VALUES(source_key), trait_key = VALUES(trait_key), base_value = VALUES(base_value), current_value = VALUES(current_value), max_growth = VALUES(max_growth), min_growth = VALUES(min_growth);
INSERT INTO character_personality_traits (character_id, source_key, trait_key, base_value, current_value, max_growth, min_growth) VALUES ('aerarfin', 'legacy', 'trust', 55, 55, 85, 30) ON DUPLICATE KEY UPDATE character_id = VALUES(character_id), source_key = VALUES(source_key), trait_key = VALUES(trait_key), base_value = VALUES(base_value), current_value = VALUES(current_value), max_growth = VALUES(max_growth), min_growth = VALUES(min_growth);
INSERT INTO character_personality_traits (character_id, source_key, trait_key, base_value, current_value, max_growth, min_growth) VALUES ('aerarfin', 'legacy', 'empathy', 70, 70, 90, 50) ON DUPLICATE KEY UPDATE character_id = VALUES(character_id), source_key = VALUES(source_key), trait_key = VALUES(trait_key), base_value = VALUES(base_value), current_value = VALUES(current_value), max_growth = VALUES(max_growth), min_growth = VALUES(min_growth);
INSERT INTO character_personality_traits (character_id, source_key, trait_key, base_value, current_value, max_growth, min_growth) VALUES ('aerarfin', 'legacy', 'playfulness', 95, 95, 100, 80) ON DUPLICATE KEY UPDATE character_id = VALUES(character_id), source_key = VALUES(source_key), trait_key = VALUES(trait_key), base_value = VALUES(base_value), current_value = VALUES(current_value), max_growth = VALUES(max_growth), min_growth = VALUES(min_growth);
INSERT INTO character_personality_traits (character_id, source_key, trait_key, base_value, current_value, max_growth, min_growth) VALUES ('bellasnor', 'legacy', 'confidence', 80, 80, 95, 65) ON DUPLICATE KEY UPDATE character_id = VALUES(character_id), source_key = VALUES(source_key), trait_key = VALUES(trait_key), base_value = VALUES(base_value), current_value = VALUES(current_value), max_growth = VALUES(max_growth), min_growth = VALUES(min_growth);
INSERT INTO character_personality_traits (character_id, source_key, trait_key, base_value, current_value, max_growth, min_growth) VALUES ('bellasnor', 'legacy', 'openness', 75, 75, 90, 60) ON DUPLICATE KEY UPDATE character_id = VALUES(character_id), source_key = VALUES(source_key), trait_key = VALUES(trait_key), base_value = VALUES(base_value), current_value = VALUES(current_value), max_growth = VALUES(max_growth), min_growth = VALUES(min_growth);
INSERT INTO character_personality_traits (character_id, source_key, trait_key, base_value, current_value, max_growth, min_growth) VALUES ('bellasnor', 'legacy', 'trust', 70, 70, 90, 50) ON DUPLICATE KEY UPDATE character_id = VALUES(character_id), source_key = VALUES(source_key), trait_key = VALUES(trait_key), base_value = VALUES(base_value), current_value = VALUES(current_value), max_growth = VALUES(max_growth), min_growth = VALUES(min_growth);
INSERT INTO character_personality_traits (character_id, source_key, trait_key, base_value, current_value, max_growth, min_growth) VALUES ('bellasnor', 'legacy', 'empathy', 95, 95, 100, 85) ON DUPLICATE KEY UPDATE character_id = VALUES(character_id), source_key = VALUES(source_key), trait_key = VALUES(trait_key), base_value = VALUES(base_value), current_value = VALUES(current_value), max_growth = VALUES(max_growth), min_growth = VALUES(min_growth);
INSERT INTO character_personality_traits (character_id, source_key, trait_key, base_value, current_value, max_growth, min_growth) VALUES ('bellasnor', 'legacy', 'wisdom', 90, 90, 100, 75) ON DUPLICATE KEY UPDATE character_id = VALUES(character_id), source_key = VALUES(source_key), trait_key = VALUES(trait_key), base_value = VALUES(base_value), current_value = VALUES(current_value), max_growth = VALUES(max_growth), min_growth = VALUES(min_growth);
INSERT INTO character_personality_traits (character_id, source_key, trait_key, base_value, current_value, max_growth, min_growth) VALUES ('celanlas', 'legacy', 'confidence', 75, 75, 90, 60) ON DUPLICATE KEY UPDATE character_id = VALUES(character_id), source_key = VALUES(source_key), trait_key = VALUES(trait_key), base_value = VALUES(base_value), current_value = VALUES(current_value), max_growth = VALUES(max_growth), min_growth = VALUES(min_growth);
INSERT INTO character_personality_traits (character_id, source_key, trait_key, base_value, current_value, max_growth, min_growth) VALUES ('celanlas', 'legacy', 'openness', 60, 60, 85, 40) ON DUPLICATE KEY UPDATE character_id = VALUES(character_id), source_key = VALUES(source_key), trait_key = VALUES(trait_key), base_value = VALUES(base_value), current_value = VALUES(current_value), max_growth = VALUES(max_growth), min_growth = VALUES(min_growth);
INSERT INTO character_personality_traits (character_id, source_key, trait_key, base_value, current_value, max_growth, min_growth) VALUES ('celanlas', 'legacy', 'trust', 45, 45, 80, 25) ON DUPLICATE KEY UPDATE character_id = VALUES(character_id), source_key = VALUES(source_key), trait_key = VALUES(trait_key), base_value = VALUES(base_value), current_value = VALUES(current_value), max_growth = VALUES(max_growth), min_growth = VALUES(min_growth);
INSERT INTO character_personality_traits (character_id, source_key, trait_key, base_value, current_value, max_growth, min_growth) VALUES ('celanlas', 'legacy', 'empathy', 90, 90, 100, 75) ON DUPLICATE KEY UPDATE character_id = VALUES(character_id), source_key = VALUES(source_key), trait_key = VALUES(trait_key), base_value = VALUES(base_value), current_value = VALUES(current_value), max_growth = VALUES(max_growth), min_growth = VALUES(min_growth);
INSERT INTO character_personality_traits (character_id, source_key, trait_key, base_value, current_value, max_growth, min_growth) VALUES ('celanlas', 'legacy', 'patience', 95, 95, 100, 80) ON DUPLICATE KEY UPDATE character_id = VALUES(character_id), source_key = VALUES(source_key), trait_key = VALUES(trait_key), base_value = VALUES(base_value), current_value = VALUES(current_value), max_growth = VALUES(max_growth), min_growth = VALUES(min_growth);
INSERT INTO character_personality_traits (character_id, source_key, trait_key, base_value, current_value, max_growth, min_growth) VALUES ('lyraiel', 'legacy', 'confidence', 80, 80, 95, 60) ON DUPLICATE KEY UPDATE character_id = VALUES(character_id), source_key = VALUES(source_key), trait_key = VALUES(trait_key), base_value = VALUES(base_value), current_value = VALUES(current_value), max_growth = VALUES(max_growth), min_growth = VALUES(min_growth);
INSERT INTO character_personality_traits (character_id, source_key, trait_key, base_value, current_value, max_growth, min_growth) VALUES ('lyraiel', 'legacy', 'openness', 85, 85, 95, 70) ON DUPLICATE KEY UPDATE character_id = VALUES(character_id), source_key = VALUES(source_key), trait_key = VALUES(trait_key), base_value = VALUES(base_value), current_value = VALUES(current_value), max_growth = VALUES(max_growth), min_growth = VALUES(min_growth);
INSERT INTO character_personality_traits (character_id, source_key, trait_key, base_value, current_value, max_growth, min_growth) VALUES ('lyraiel', 'legacy', 'trust', 60, 60, 85, 40) ON DUPLICATE KEY UPDATE character_id = VALUES(character_id), source_key = VALUES(source_key), trait_key = VALUES(trait_key), base_value = VALUES(base_value), current_value = VALUES(current_value), max_growth = VALUES(max_growth), min_growth = VALUES(min_growth);
INSERT INTO character_personality_traits (character_id, source_key, trait_key, base_value, current_value, max_growth, min_growth) VALUES ('lyraiel', 'legacy', 'empathy', 90, 90, 100, 75) ON DUPLICATE KEY UPDATE character_id = VALUES(character_id), source_key = VALUES(source_key), trait_key = VALUES(trait_key), base_value = VALUES(base_value), current_value = VALUES(current_value), max_growth = VALUES(max_growth), min_growth = VALUES(min_growth);
INSERT INTO character_personality_traits (character_id, source_key, trait_key, base_value, current_value, max_growth, min_growth) VALUES ('lyraiel', 'legacy', 'creativity', 95, 95, 100, 85) ON DUPLICATE KEY UPDATE character_id = VALUES(character_id), source_key = VALUES(source_key), trait_key = VALUES(trait_key), base_value = VALUES(base_value), current_value = VALUES(current_value), max_growth = VALUES(max_growth), min_growth = VALUES(min_growth);
INSERT INTO character_personality_traits (character_id, source_key, trait_key, base_value, current_value, max_growth, min_growth) VALUES ('moriaion', 'legacy', 'confidence', 90, 90, 100, 75) ON DUPLICATE KEY UPDATE character_id = VALUES(character_id), source_key = VALUES(source_key), trait_key = VALUES(trait_key), base_value = VALUES(base_value), current_value = VALUES(current_value), max_growth = VALUES(max_growth), min_growth = VALUES(min_growth);
INSERT INTO character_personality_traits (character_id, source_key, trait_key, base_value, current_value, max_growth, min_growth) VALUES ('moriaion', 'legacy', 'openness', 40, 40, 70, 20) ON DUPLICATE KEY UPDATE character_id = VALUES(character_id), source_key = VALUES(source_key), trait_key = VALUES(trait_key), base_value = VALUES(base_value), current_value = VALUES(current_value), max_growth = VALUES(max_growth), min_growth = VALUES(min_growth);
INSERT INTO character_personality_traits (character_id, source_key, trait_key, base_value, current_value, max_growth, min_growth) VALUES ('moriaion', 'legacy', 'trust', 30, 30, 70, 15) ON DUPLICATE KEY UPDATE character_id = VALUES(character_id), source_key = VALUES(source_key), trait_key = VALUES(trait_key), base_value = VALUES(base_value), current_value = VALUES(current_value), max_growth = VALUES(max_growth), min_growth = VALUES(min_growth);
INSERT INTO character_personality_traits (character_id, source_key, trait_key, base_value, current_value, max_growth, min_growth) VALUES ('moriaion', 'legacy', 'empathy', 75, 75, 95, 60) ON DUPLICATE KEY UPDATE character_id = VALUES(character_id), source_key = VALUES(source_key), trait_key = VALUES(trait_key), base_value = VALUES(base_value), current_value = VALUES(current_value), max_growth = VALUES(max_growth), min_growth = VALUES(min_growth);
INSERT INTO character_personality_traits (character_id, source_key, trait_key, base_value, current_value, max_growth, min_growth) VALUES ('moriaion', 'legacy', 'loyalty', 95, 95, 100, 85) ON DUPLICATE KEY UPDATE character_id = VALUES(character_id), source_key = VALUES(source_key), trait_key = VALUES(trait_key), base_value = VALUES(base_value), current_value = VALUES(current_value), max_growth = VALUES(max_growth), min_growth = VALUES(min_growth);
INSERT INTO character_personality_traits (character_id, source_key, trait_key, base_value, current_value, max_growth, min_growth) VALUES ('quinaelmir', 'legacy', 'confidence', 85, 85, 95, 70) ON DUPLICATE KEY UPDATE character_id = VALUES(character_id), source_key = VALUES(source_key), trait_key = VALUES(trait_key), base_value = VALUES(base_value), current_value = VALUES(current_value), max_growth = VALUES(max_growth), min_growth = VALUES(min_growth);
INSERT INTO character_personality_traits (character_id, source_key, trait_key, base_value, current_value, max_growth, min_growth) VALUES ('quinaelmir', 'legacy', 'openness', 70, 70, 85, 55) ON DUPLICATE KEY UPDATE character_id = VALUES(character_id), source_key = VALUES(source_key), trait_key = VALUES(trait_key), base_value = VALUES(base_value), current_value = VALUES(current_value), max_growth = VALUES(max_growth), min_growth = VALUES(min_growth);
INSERT INTO character_personality_traits (character_id, source_key, trait_key, base_value, current_value, max_growth, min_growth) VALUES ('quinaelmir', 'legacy', 'trust', 50, 50, 75, 30) ON DUPLICATE KEY UPDATE character_id = VALUES(character_id), source_key = VALUES(source_key), trait_key = VALUES(trait_key), base_value = VALUES(base_value), current_value = VALUES(current_value), max_growth = VALUES(max_growth), min_growth = VALUES(min_growth);
INSERT INTO character_personality_traits (character_id, source_key, trait_key, base_value, current_value, max_growth, min_growth) VALUES ('quinaelmir', 'legacy', 'empathy', 60, 60, 80, 40) ON DUPLICATE KEY UPDATE character_id = VALUES(character_id), source_key = VALUES(source_key), trait_key = VALUES(trait_key), base_value = VALUES(base_value), current_value = VALUES(current_value), max_growth = VALUES(max_growth), min_growth = VALUES(min_growth);
INSERT INTO character_personality_traits (character_id, source_key, trait_key, base_value, current_value, max_growth, min_growth) VALUES ('quinaelmir', 'legacy', 'logic', 95, 95, 100, 85) ON DUPLICATE KEY UPDATE character_id = VALUES(character_id), source_key = VALUES(source_key), trait_key = VALUES(trait_key), base_value = VALUES(base_value), current_value = VALUES(current_value), max_growth = VALUES(max_growth), min_growth = VALUES(min_growth);
INSERT INTO character_photos (character_id, photo_id, url, title, description, unlocked_at_affection, starts_unlocked, rarity, sort_order) VALUES ('kyrathen', 'portrait', './images/characters/kyrathen.png', 'Tribal Portrait', 'In ceremonial feathered headdress', 0, 1, 'common', 0) ON DUPLICATE KEY UPDATE character_id = VALUES(character_id), photo_id = VALUES(photo_id), url = VALUES(url), title = VALUES(title), description = VALUES(description), unlocked_at_affection = VALUES(unlocked_at_affection), starts_unlocked = VALUES(starts_unlocked), rarity = VALUES(rarity), sort_order = VALUES(sort_order);
INSERT INTO character_photos (character_id, photo_id, url, title, description, unlocked_at_affection, starts_unlocked, rarity, sort_order) VALUES ('seraphina', 'portrait', './images/characters/seraphina.png', 'Hooded Oracle', 'In traditional temple robes', 0, 1, 'common', 0) ON DUPLICATE KEY UPDATE character_id = VALUES(character_id), photo_id = VALUES(photo_id), url = VALUES(url), title = VALUES(title), description = VALUES(description), unlocked_at_affection = VALUES(unlocked_at_affection), starts_unlocked = VALUES(starts_unlocked), rarity = VALUES(rarity), sort_order = VALUES(sort_order);
INSERT INTO character_photos (character_id, photo_id, url, title, description, unlocked_at_affection, starts_unlocked, rarity, sort_order) VALUES ('thessarian', 'portrait', './images/characters/thessarian.png', 'Laboratory Portrait', 'In formal research attire', 0, 1, 'common', 0) ON DUPLICATE KEY UPDATE character_id = VALUES(character_id), photo_id = VALUES(photo_id), url = VALUES(url), title = VALUES(title), description = VALUES(description), unlocked_at_affection = VALUES(unlocked_at_affection), starts_unlocked = VALUES(starts_unlocked), rarity = VALUES(rarity), sort_order = VALUES(sort_order);
INSERT INTO character_photos (character_id, photo_id, url, title, description, unlocked_at_affection, starts_unlocked, rarity, sort_order) VALUES ('lyralynn', 'portrait', './images/characters/lyralynn.png', 'Forest Guardian', 'Among her beloved plants', 0, 1, 'common', 0) ON DUPLICATE KEY UPDATE character_id = VALUES(character_id), photo_id = VALUES(photo_id), url = VALUES(url), title = VALUES(title), description = VALUES(description), unlocked_at_affection = VALUES(unlocked_at_affection), starts_unlocked = VALUES(starts_unlocked), rarity = VALUES(rarity), sort_order = VALUES(sort_order);
INSERT INTO character_photos (character_id, photo_id, url, title, description, unlocked_at_affection, starts_unlocked, rarity, sort_order) VALUES ('zarantha', 'portrait', './images/characters/zarantha.png', 'Command Portrait', 'In military dress uniform', 0, 1, 'common', 0) ON DUPLICATE KEY UPDATE character_id = VALUES(character_id), photo_id = VALUES(photo_id), url = VALUES(url), title = VALUES(title), description = VALUES(description), unlocked_at_affection = VALUES(unlocked_at_affection), starts_unlocked = VALUES(starts_unlocked), rarity = VALUES(rarity), sort_order = VALUES(sort_order);
INSERT INTO character_photos (character_id, photo_id, url, title, description, unlocked_at_affection, starts_unlocked, rarity, sort_order) VALUES ('thalassos', 'portrait', './images/characters/thalassos.png', 'Ceremonial Robes', 'In traditional temple attire', 0, 1, 'common', 0) ON DUPLICATE KEY UPDATE character_id = VALUES(character_id), photo_id = VALUES(photo_id), url = VALUES(url), title = VALUES(title), description = VALUES(description), unlocked_at_affection = VALUES(unlocked_at_affection), starts_unlocked = VALUES(starts_unlocked), rarity = VALUES(rarity), sort_order = VALUES(sort_order);
INSERT INTO character_photos (character_id, photo_id, url, title, description, unlocked_at_affection, starts_unlocked, rarity, sort_order) VALUES ('nightshade', 'portrait', './images/characters/nightshade.png', 'Shadow Form', 'In operational attire', 0, 1, 'common', 0) ON DUPLICATE KEY UPDATE character_id = VALUES(character_id), photo_id = VALUES(photo_id), url = VALUES(url), title = VALUES(title), description = VALUES(description), unlocked_at_affection = VALUES(unlocked_at_affection), starts_unlocked = VALUES(starts_unlocked), rarity = VALUES(rarity), sort_order = VALUES(sort_order);
INSERT INTO character_photos (character_id, photo_id, url, title, description, unlocked_at_affection, starts_unlocked, rarity, sort_order) VALUES ('kronos', 'portrait', './images/characters/kronos.png', 'Research Station', 'In his laboratory', 0, 1, 'common', 0) ON DUPLICATE KEY UPDATE character_id = VALUES(character_id), photo_id = VALUES(photo_id), url = VALUES(url), title = VALUES(title), description = VALUES(description), unlocked_at_affection = VALUES(unlocked_at_affection), starts_unlocked = VALUES(starts_unlocked), rarity = VALUES(rarity), sort_order = VALUES(sort_order);
INSERT INTO character_photos (character_id, photo_id, url, title, description, unlocked_at_affection, starts_unlocked, rarity, sort_order) VALUES ('aerarfin', 'aerarfin_portrait', './images/characters/aerarfin.png', 'Wind Dance Portrait', 'Aerarfin floating gracefully among the clouds, hair flowing with ethereal wind', 0, 1, 'common', 0) ON DUPLICATE KEY UPDATE character_id = VALUES(character_id), photo_id = VALUES(photo_id), url = VALUES(url), title = VALUES(title), description = VALUES(description), unlocked_at_affection = VALUES(unlocked_at_affection), starts_unlocked = VALUES(starts_unlocked), rarity = VALUES(rarity), sort_order = VALUES(sort_order);
INSERT INTO character_photos (character_id, photo_id, url, title, description, unlocked_at_affection, starts_unlocked, rarity, sort_order) VALUES ('aerarfin', 'aerarfin_storm', './images/characters/aerarfin.png', 'Storm Calling', 'Aerarfin commanding lightning and wind in a spectacular aerial display', 15, 0, 'uncommon', 1) ON DUPLICATE KEY UPDATE character_id = VALUES(character_id), photo_id = VALUES(photo_id), url = VALUES(url), title = VALUES(title), description = VALUES(description), unlocked_at_affection = VALUES(unlocked_at_affection), starts_unlocked = VALUES(starts_unlocked), rarity = VALUES(rarity), sort_order = VALUES(sort_order);
INSERT INTO character_photos (character_id, photo_id, url, title, description, unlocked_at_affection, starts_unlocked, rarity, sort_order) VALUES ('aerarfin', 'aerarfin_sunset', './images/characters/aerarfin.png', 'Sunset Flight', 'A breathtaking moment of freedom as Aerarfin soars through twilight skies', 35, 0, 'rare', 2) ON DUPLICATE KEY UPDATE character_id = VALUES(character_id), photo_id = VALUES(photo_id), url = VALUES(url), title = VALUES(title), description = VALUES(description), unlocked_at_affection = VALUES(unlocked_at_affection), starts_unlocked = VALUES(starts_unlocked), rarity = VALUES(rarity), sort_order = VALUES(sort_order);
INSERT INTO character_photos (character_id, photo_id, url, title, description, unlocked_at_affection, starts_unlocked, rarity, sort_order) VALUES ('bellasnor', 'bellasnor_portrait', './images/characters/bellasnor.png', 'Starlight Portrait', 'Bellasnor radiating celestial light, stars reflecting in her luminous eyes', 0, 1, 'common', 0) ON DUPLICATE KEY UPDATE character_id = VALUES(character_id), photo_id = VALUES(photo_id), url = VALUES(url), title = VALUES(title), description = VALUES(description), unlocked_at_affection = VALUES(unlocked_at_affection), starts_unlocked = VALUES(starts_unlocked), rarity = VALUES(rarity), sort_order = VALUES(sort_order);
INSERT INTO character_photos (character_id, photo_id, url, title, description, unlocked_at_affection, starts_unlocked, rarity, sort_order) VALUES ('bellasnor', 'bellasnor_healing', './images/characters/bellasnor.png', 'Light Healing', 'Channeling pure starlight to heal and comfort those in need', 15, 0, 'uncommon', 1) ON DUPLICATE KEY UPDATE character_id = VALUES(character_id), photo_id = VALUES(photo_id), url = VALUES(url), title = VALUES(title), description = VALUES(description), unlocked_at_affection = VALUES(unlocked_at_affection), starts_unlocked = VALUES(starts_unlocked), rarity = VALUES(rarity), sort_order = VALUES(sort_order);
INSERT INTO character_photos (character_id, photo_id, url, title, description, unlocked_at_affection, starts_unlocked, rarity, sort_order) VALUES ('bellasnor', 'bellasnor_cosmic', './images/characters/bellasnor.png', 'Cosmic Meditation', 'In deep communion with the cosmos, surrounded by swirling galaxies', 35, 0, 'rare', 2) ON DUPLICATE KEY UPDATE character_id = VALUES(character_id), photo_id = VALUES(photo_id), url = VALUES(url), title = VALUES(title), description = VALUES(description), unlocked_at_affection = VALUES(unlocked_at_affection), starts_unlocked = VALUES(starts_unlocked), rarity = VALUES(rarity), sort_order = VALUES(sort_order);
INSERT INTO character_photos (character_id, photo_id, url, title, description, unlocked_at_affection, starts_unlocked, rarity, sort_order) VALUES ('celanlas', 'celanlas_portrait', './images/characters/celanlas.png', 'Forest Guardian', 'Celanlas standing watch over the ancient woodland, one with nature', 0, 1, 'common', 0) ON DUPLICATE KEY UPDATE character_id = VALUES(character_id), photo_id = VALUES(photo_id), url = VALUES(url), title = VALUES(title), description = VALUES(description), unlocked_at_affection = VALUES(unlocked_at_affection), starts_unlocked = VALUES(starts_unlocked), rarity = VALUES(rarity), sort_order = VALUES(sort_order);
INSERT INTO character_photos (character_id, photo_id, url, title, description, unlocked_at_affection, starts_unlocked, rarity, sort_order) VALUES ('celanlas', 'celanlas_animals', './images/characters/celanlas.png', 'Wild Council', 'Communing with forest creatures, speaking their ancient language', 15, 0, 'uncommon', 1) ON DUPLICATE KEY UPDATE character_id = VALUES(character_id), photo_id = VALUES(photo_id), url = VALUES(url), title = VALUES(title), description = VALUES(description), unlocked_at_affection = VALUES(unlocked_at_affection), starts_unlocked = VALUES(starts_unlocked), rarity = VALUES(rarity), sort_order = VALUES(sort_order);
INSERT INTO character_photos (character_id, photo_id, url, title, description, unlocked_at_affection, starts_unlocked, rarity, sort_order) VALUES ('celanlas', 'celanlas_treeheart', './images/characters/celanlas.png', 'Heart of the Forest', 'Connected to the great tree spirits, channeling their wisdom', 35, 0, 'rare', 2) ON DUPLICATE KEY UPDATE character_id = VALUES(character_id), photo_id = VALUES(photo_id), url = VALUES(url), title = VALUES(title), description = VALUES(description), unlocked_at_affection = VALUES(unlocked_at_affection), starts_unlocked = VALUES(starts_unlocked), rarity = VALUES(rarity), sort_order = VALUES(sort_order);
INSERT INTO character_photos (character_id, photo_id, url, title, description, unlocked_at_affection, starts_unlocked, rarity, sort_order) VALUES ('lyraiel', 'lyraiel_portrait', './images/characters/lyraiel.png', 'Song Portrait', 'Lyraiel in the midst of a beautiful melody, music made visible around her', 0, 1, 'common', 0) ON DUPLICATE KEY UPDATE character_id = VALUES(character_id), photo_id = VALUES(photo_id), url = VALUES(url), title = VALUES(title), description = VALUES(description), unlocked_at_affection = VALUES(unlocked_at_affection), starts_unlocked = VALUES(starts_unlocked), rarity = VALUES(rarity), sort_order = VALUES(sort_order);
INSERT INTO character_photos (character_id, photo_id, url, title, description, unlocked_at_affection, starts_unlocked, rarity, sort_order) VALUES ('lyraiel', 'lyraiel_performance', './images/characters/lyraiel.png', 'Grand Performance', 'Enchanting an audience with songs that touch the very soul', 15, 0, 'uncommon', 1) ON DUPLICATE KEY UPDATE character_id = VALUES(character_id), photo_id = VALUES(photo_id), url = VALUES(url), title = VALUES(title), description = VALUES(description), unlocked_at_affection = VALUES(unlocked_at_affection), starts_unlocked = VALUES(starts_unlocked), rarity = VALUES(rarity), sort_order = VALUES(sort_order);
INSERT INTO character_photos (character_id, photo_id, url, title, description, unlocked_at_affection, starts_unlocked, rarity, sort_order) VALUES ('lyraiel', 'lyraiel_harmony', './images/characters/lyraiel.png', 'Universal Harmony', 'Creating music that bridges worlds, connecting all hearts through melody', 35, 0, 'rare', 2) ON DUPLICATE KEY UPDATE character_id = VALUES(character_id), photo_id = VALUES(photo_id), url = VALUES(url), title = VALUES(title), description = VALUES(description), unlocked_at_affection = VALUES(unlocked_at_affection), starts_unlocked = VALUES(starts_unlocked), rarity = VALUES(rarity), sort_order = VALUES(sort_order);
INSERT INTO character_photos (character_id, photo_id, url, title, description, unlocked_at_affection, starts_unlocked, rarity, sort_order) VALUES ('moriaion', 'moriaion_portrait', './images/characters/moriaion.png', 'Shadow Guardian', 'Moriaion emerging from the void, darkness and light in perfect balance', 0, 1, 'common', 0) ON DUPLICATE KEY UPDATE character_id = VALUES(character_id), photo_id = VALUES(photo_id), url = VALUES(url), title = VALUES(title), description = VALUES(description), unlocked_at_affection = VALUES(unlocked_at_affection), starts_unlocked = VALUES(starts_unlocked), rarity = VALUES(rarity), sort_order = VALUES(sort_order);
INSERT INTO character_photos (character_id, photo_id, url, title, description, unlocked_at_affection, starts_unlocked, rarity, sort_order) VALUES ('moriaion', 'moriaion_dimensional', './images/characters/moriaion.png', 'Dimensional Walk', 'Stepping between realms, master of both shadow and space', 15, 0, 'uncommon', 1) ON DUPLICATE KEY UPDATE character_id = VALUES(character_id), photo_id = VALUES(photo_id), url = VALUES(url), title = VALUES(title), description = VALUES(description), unlocked_at_affection = VALUES(unlocked_at_affection), starts_unlocked = VALUES(starts_unlocked), rarity = VALUES(rarity), sort_order = VALUES(sort_order);
INSERT INTO character_photos (character_id, photo_id, url, title, description, unlocked_at_affection, starts_unlocked, rarity, sort_order) VALUES ('moriaion', 'moriaion_protection', './images/characters/moriaion.png', 'Protective Barrier', 'Shielding others with shadow magic, strength born from dedication', 35, 0, 'rare', 2) ON DUPLICATE KEY UPDATE character_id = VALUES(character_id), photo_id = VALUES(photo_id), url = VALUES(url), title = VALUES(title), description = VALUES(description), unlocked_at_affection = VALUES(unlocked_at_affection), starts_unlocked = VALUES(starts_unlocked), rarity = VALUES(rarity), sort_order = VALUES(sort_order);
INSERT INTO character_photos (character_id, photo_id, url, title, description, unlocked_at_affection, starts_unlocked, rarity, sort_order) VALUES ('quinaelmir', 'quinaelmir_portrait', './images/characters/quinaelmir.png', 'Crystal Clarity', 'Quinaelmir displaying perfect geometric beauty, light refracting through crystalline form', 0, 1, 'common', 0) ON DUPLICATE KEY UPDATE character_id = VALUES(character_id), photo_id = VALUES(photo_id), url = VALUES(url), title = VALUES(title), description = VALUES(description), unlocked_at_affection = VALUES(unlocked_at_affection), starts_unlocked = VALUES(starts_unlocked), rarity = VALUES(rarity), sort_order = VALUES(sort_order);
INSERT INTO character_photos (character_id, photo_id, url, title, description, unlocked_at_affection, starts_unlocked, rarity, sort_order) VALUES ('quinaelmir', 'quinaelmir_mathematics', './images/characters/quinaelmir.png', 'Living Mathematics', 'Equations and geometric patterns flowing around them like living art', 15, 0, 'uncommon', 1) ON DUPLICATE KEY UPDATE character_id = VALUES(character_id), photo_id = VALUES(photo_id), url = VALUES(url), title = VALUES(title), description = VALUES(description), unlocked_at_affection = VALUES(unlocked_at_affection), starts_unlocked = VALUES(starts_unlocked), rarity = VALUES(rarity), sort_order = VALUES(sort_order);
INSERT INTO character_photos (character_id, photo_id, url, title, description, unlocked_at_affection, starts_unlocked, rarity, sort_order) VALUES ('quinaelmir', 'quinaelmir_prism', './images/characters/quinaelmir.png', 'Prismatic Harmony', 'Creating rainbows of impossible beauty through crystal manipulation', 35, 0, 'rare', 2) ON DUPLICATE KEY UPDATE character_id = VALUES(character_id), photo_id = VALUES(photo_id), url = VALUES(url), title = VALUES(title), description = VALUES(description), unlocked_at_affection = VALUES(unlocked_at_affection), starts_unlocked = VALUES(starts_unlocked), rarity = VALUES(rarity), sort_order = VALUES(sort_order);
INSERT INTO relationship_milestones (milestone_id, name, description, unlocked_at_affection, sort_order) VALUES ('first_meeting', 'First Meeting', 'Your first encounter', 1, 0) ON DUPLICATE KEY UPDATE milestone_id = VALUES(milestone_id), name = VALUES(name), description = VALUES(description), unlocked_at_affection = VALUES(unlocked_at_affection), sort_order = VALUES(sort_order);
INSERT INTO relationship_milestones (milestone_id, name, description, unlocked_at_affection, sort_order) VALUES ('first_conversation', 'First Real Conversation', 'A meaningful exchange', 15, 1) ON DUPLICATE KEY UPDATE milestone_id = VALUES(milestone_id), name = VALUES(name), description = VALUES(description), unlocked_at_affection = VALUES(unlocked_at_affection), sort_order = VALUES(sort_order);
INSERT INTO relationship_milestones (milestone_id, name, description, unlocked_at_affection, sort_order) VALUES ('personal_sharing', 'Personal Sharing', 'Opening up about themselves', 30, 2) ON DUPLICATE KEY UPDATE milestone_id = VALUES(milestone_id), name = VALUES(name), description = VALUES(description), unlocked_at_affection = VALUES(unlocked_at_affection), sort_order = VALUES(sort_order);
INSERT INTO relationship_milestones (milestone_id, name, description, unlocked_at_affection, sort_order) VALUES ('first_date', 'First Date', 'Your first romantic encounter', 50, 3) ON DUPLICATE KEY UPDATE milestone_id = VALUES(milestone_id), name = VALUES(name), description = VALUES(description), unlocked_at_affection = VALUES(unlocked_at_affection), sort_order = VALUES(sort_order);
INSERT INTO relationship_milestones (milestone_id, name, description, unlocked_at_affection, sort_order) VALUES ('deeper_connection', 'Deeper Connection', 'Understanding each other better', 65, 4) ON DUPLICATE KEY UPDATE milestone_id = VALUES(milestone_id), name = VALUES(name), description = VALUES(description), unlocked_at_affection = VALUES(unlocked_at_affection), sort_order = VALUES(sort_order);
INSERT INTO relationship_milestones (milestone_id, name, description, unlocked_at_affection, sort_order) VALUES ('commitment', 'Committed Relationship', 'Taking things to the next level', 80, 5) ON DUPLICATE KEY UPDATE milestone_id = VALUES(milestone_id), name = VALUES(name), description = VALUES(description), unlocked_at_affection = VALUES(unlocked_at_affection), sort_order = VALUES(sort_order);
INSERT INTO moods (mood_key, description, bonus, penalty, preferred_topics_json) VALUES ('cheerful', 'is in a bright and optimistic mood', 2, 0, '["greeting","interests","compliment"]') ON DUPLICATE KEY UPDATE mood_key = VALUES(mood_key), description = VALUES(description), bonus = VALUES(bonus), penalty = VALUES(penalty), preferred_topics_json = VALUES(preferred_topics_json);
INSERT INTO moods (mood_key, description, bonus, penalty, preferred_topics_json) VALUES ('melancholy', 'seems contemplative and a bit wistful', 3, -1, '["backstory","comfort","deep_talk"]') ON DUPLICATE KEY UPDATE mood_key = VALUES(mood_key), description = VALUES(description), bonus = VALUES(bonus), penalty = VALUES(penalty), preferred_topics_json = VALUES(preferred_topics_json);
INSERT INTO moods (mood_key, description, bonus, penalty, preferred_topics_json) VALUES ('romantic', 'has a dreamy, romantic air about them', 4, -2, '["flirt","compliment","romantic"]') ON DUPLICATE KEY UPDATE mood_key = VALUES(mood_key), description = VALUES(description), bonus = VALUES(bonus), penalty = VALUES(penalty), preferred_topics_json = VALUES(preferred_topics_json);
INSERT INTO moods (mood_key, description, bonus, penalty, preferred_topics_json) VALUES ('analytical', 'appears focused and intellectually engaged', 2, -1, '["interests","philosophy","science"]') ON DUPLICATE KEY UPDATE mood_key = VALUES(mood_key), description = VALUES(description), bonus = VALUES(bonus), penalty = VALUES(penalty), preferred_topics_json = VALUES(preferred_topics_json);
INSERT INTO moods (mood_key, description, bonus, penalty, preferred_topics_json) VALUES ('adventurous', 'seems restless and eager for excitement', 3, -1, '["adventure","travel","excitement"]') ON DUPLICATE KEY UPDATE mood_key = VALUES(mood_key), description = VALUES(description), bonus = VALUES(bonus), penalty = VALUES(penalty), preferred_topics_json = VALUES(preferred_topics_json);
INSERT INTO moods (mood_key, description, bonus, penalty, preferred_topics_json) VALUES ('tired', 'looks a bit weary but still attentive', 1, -2, '["comfort","gentle_talk"]') ON DUPLICATE KEY UPDATE mood_key = VALUES(mood_key), description = VALUES(description), bonus = VALUES(bonus), penalty = VALUES(penalty), preferred_topics_json = VALUES(preferred_topics_json);
INSERT INTO moods (mood_key, description, bonus, penalty, preferred_topics_json) VALUES ('excited', 'is buzzing with energy and enthusiasm', 3, 0, '["excitement","plans","adventure"]') ON DUPLICATE KEY UPDATE mood_key = VALUES(mood_key), description = VALUES(description), bonus = VALUES(bonus), penalty = VALUES(penalty), preferred_topics_json = VALUES(preferred_topics_json);
INSERT INTO moods (mood_key, description, bonus, penalty, preferred_topics_json) VALUES ('neutral', 'appears calm and balanced', 1, 0, '["greeting","interests","general"]') ON DUPLICATE KEY UPDATE mood_key = VALUES(mood_key), description = VALUES(description), bonus = VALUES(bonus), penalty = VALUES(penalty), preferred_topics_json = VALUES(preferred_topics_json);
INSERT INTO dialogue_options (option_id, tree_id, character_id, parent_option_id, text, topic, emotion, requires_affection, requires_mood, next_option_ids_json, sort_order) VALUES ('greeting_kyrathen', 'kyrathen_main', 'kyrathen', NULL, 'Greetings, noble chieftain. The sky calls to you today.', 'greeting', 'happy', NULL, NULL, '["kyrathen_greeting_response"]', 0) ON DUPLICATE KEY UPDATE option_id = VALUES(option_id), tree_id = VALUES(tree_id), character_id = VALUES(character_id), parent_option_id = VALUES(parent_option_id), text = VALUES(text), topic = VALUES(topic), emotion = VALUES(emotion), requires_affection = VALUES(requires_affection), requires_mood = VALUES(requires_mood), next_option_ids_json = VALUES(next_option_ids_json), sort_order = VALUES(sort_order);
INSERT INTO dialogue_options (option_id, tree_id, character_id, parent_option_id, text, topic, emotion, requires_affection, requires_mood, next_option_ids_json, sort_order) VALUES ('honor_talk', 'kyrathen_main', 'kyrathen', NULL, 'Tell me about the warrior''s code you follow.', 'interests', 'thoughtful', NULL, NULL, '["kyrathen_honor_deep","kyrathen_honor_simple"]', 1) ON DUPLICATE KEY UPDATE option_id = VALUES(option_id), tree_id = VALUES(tree_id), character_id = VALUES(character_id), parent_option_id = VALUES(parent_option_id), text = VALUES(text), topic = VALUES(topic), emotion = VALUES(emotion), requires_affection = VALUES(requires_affection), requires_mood = VALUES(requires_mood), next_option_ids_json = VALUES(next_option_ids_json), sort_order = VALUES(sort_order);
INSERT INTO dialogue_options (option_id, tree_id, character_id, parent_option_id, text, topic, emotion, requires_affection, requires_mood, next_option_ids_json, sort_order) VALUES ('flirt_wings', 'kyrathen_main', 'kyrathen', NULL, 'Your wings are magnificent. I''d love to soar through the clouds with you.', 'flirt', 'flirty', 20, NULL, '["kyrathen_flirt_honored","kyrathen_flirt_proud"]', 2) ON DUPLICATE KEY UPDATE option_id = VALUES(option_id), tree_id = VALUES(tree_id), character_id = VALUES(character_id), parent_option_id = VALUES(parent_option_id), text = VALUES(text), topic = VALUES(topic), emotion = VALUES(emotion), requires_affection = VALUES(requires_affection), requires_mood = VALUES(requires_mood), next_option_ids_json = VALUES(next_option_ids_json), sort_order = VALUES(sort_order);
INSERT INTO dialogue_options (option_id, tree_id, character_id, parent_option_id, text, topic, emotion, requires_affection, requires_mood, next_option_ids_json, sort_order) VALUES ('tribe_history', 'kyrathen_main', 'kyrathen', NULL, 'What was it like uniting the scattered sky tribes?', 'backstory', 'thoughtful', 15, NULL, '["kyrathen_history_challenges","kyrathen_history_victories"]', 3) ON DUPLICATE KEY UPDATE option_id = VALUES(option_id), tree_id = VALUES(tree_id), character_id = VALUES(character_id), parent_option_id = VALUES(parent_option_id), text = VALUES(text), topic = VALUES(topic), emotion = VALUES(emotion), requires_affection = VALUES(requires_affection), requires_mood = VALUES(requires_mood), next_option_ids_json = VALUES(next_option_ids_json), sort_order = VALUES(sort_order);
INSERT INTO dialogue_options (option_id, tree_id, character_id, parent_option_id, text, topic, emotion, requires_affection, requires_mood, next_option_ids_json, sort_order) VALUES ('compliment_wisdom', 'kyrathen_main', 'kyrathen', 'kyrathen_greeting_response', 'Your leadership inspires me.', 'compliment', 'thoughtful', NULL, NULL, '[]', 4) ON DUPLICATE KEY UPDATE option_id = VALUES(option_id), tree_id = VALUES(tree_id), character_id = VALUES(character_id), parent_option_id = VALUES(parent_option_id), text = VALUES(text), topic = VALUES(topic), emotion = VALUES(emotion), requires_affection = VALUES(requires_affection), requires_mood = VALUES(requires_mood), next_option_ids_json = VALUES(next_option_ids_json), sort_order = VALUES(sort_order);
INSERT INTO dialogue_options (option_id, tree_id, character_id, parent_option_id, text, topic, emotion, requires_affection, requires_mood, next_option_ids_json, sort_order) VALUES ('ask_day', 'kyrathen_main', 'kyrathen', 'kyrathen_greeting_response', 'How fares your tribe today?', 'general', 'neutral', NULL, NULL, '[]', 5) ON DUPLICATE KEY UPDATE option_id = VALUES(option_id), tree_id = VALUES(tree_id), character_id = VALUES(character_id), parent_option_id = VALUES(parent_option_id), text = VALUES(text), topic = VALUES(topic), emotion = VALUES(emotion), requires_affection = VALUES(requires_affection), requires_mood = VALUES(requires_mood), next_option_ids_json = VALUES(next_option_ids_json), sort_order = VALUES(sort_order);
INSERT INTO dialogue_options (option_id, tree_id, character_id, parent_option_id, text, topic, emotion, requires_affection, requires_mood, next_option_ids_json, sort_order) VALUES ('philosophical_honor', 'kyrathen_main', 'kyrathen', 'kyrathen_honor_deep', 'Does honor ever conflict with pragmatism in leadership?', 'philosophy', 'thoughtful', 30, NULL, '[]', 6) ON DUPLICATE KEY UPDATE option_id = VALUES(option_id), tree_id = VALUES(tree_id), character_id = VALUES(character_id), parent_option_id = VALUES(parent_option_id), text = VALUES(text), topic = VALUES(topic), emotion = VALUES(emotion), requires_affection = VALUES(requires_affection), requires_mood = VALUES(requires_mood), next_option_ids_json = VALUES(next_option_ids_json), sort_order = VALUES(sort_order);
INSERT INTO dialogue_options (option_id, tree_id, character_id, parent_option_id, text, topic, emotion, requires_affection, requires_mood, next_option_ids_json, sort_order) VALUES ('continue_flirt', 'kyrathen_main', 'kyrathen', 'kyrathen_flirt_honored', 'Perhaps you could teach me the ancient flight dances?', 'romantic', 'flirty', NULL, NULL, '[]', 7) ON DUPLICATE KEY UPDATE option_id = VALUES(option_id), tree_id = VALUES(tree_id), character_id = VALUES(character_id), parent_option_id = VALUES(parent_option_id), text = VALUES(text), topic = VALUES(topic), emotion = VALUES(emotion), requires_affection = VALUES(requires_affection), requires_mood = VALUES(requires_mood), next_option_ids_json = VALUES(next_option_ids_json), sort_order = VALUES(sort_order);
INSERT INTO dialogue_options (option_id, tree_id, character_id, parent_option_id, text, topic, emotion, requires_affection, requires_mood, next_option_ids_json, sort_order) VALUES ('respect_struggles', 'kyrathen_main', 'kyrathen', 'kyrathen_history_challenges', 'Your perseverance through those challenges shows true strength.', 'empathy', 'thoughtful', NULL, NULL, '[]', 8) ON DUPLICATE KEY UPDATE option_id = VALUES(option_id), tree_id = VALUES(tree_id), character_id = VALUES(character_id), parent_option_id = VALUES(parent_option_id), text = VALUES(text), topic = VALUES(topic), emotion = VALUES(emotion), requires_affection = VALUES(requires_affection), requires_mood = VALUES(requires_mood), next_option_ids_json = VALUES(next_option_ids_json), sort_order = VALUES(sort_order);
INSERT INTO dialogue_options (option_id, tree_id, character_id, parent_option_id, text, topic, emotion, requires_affection, requires_mood, next_option_ids_json, sort_order) VALUES ('greeting_seraphina', 'seraphina_main', 'seraphina', NULL, 'Oracle, your wisdom brings peace to my spirit.', 'greeting', 'thoughtful', NULL, NULL, '["seraphina_greeting_response"]', 0) ON DUPLICATE KEY UPDATE option_id = VALUES(option_id), tree_id = VALUES(tree_id), character_id = VALUES(character_id), parent_option_id = VALUES(parent_option_id), text = VALUES(text), topic = VALUES(topic), emotion = VALUES(emotion), requires_affection = VALUES(requires_affection), requires_mood = VALUES(requires_mood), next_option_ids_json = VALUES(next_option_ids_json), sort_order = VALUES(sort_order);
INSERT INTO dialogue_options (option_id, tree_id, character_id, parent_option_id, text, topic, emotion, requires_affection, requires_mood, next_option_ids_json, sort_order) VALUES ('visions_talk', 'seraphina_main', 'seraphina', NULL, 'What do you see when you peer across dimensions?', 'interests', 'thoughtful', NULL, NULL, '["seraphina_visions_deep","seraphina_visions_gentle"]', 1) ON DUPLICATE KEY UPDATE option_id = VALUES(option_id), tree_id = VALUES(tree_id), character_id = VALUES(character_id), parent_option_id = VALUES(parent_option_id), text = VALUES(text), topic = VALUES(topic), emotion = VALUES(emotion), requires_affection = VALUES(requires_affection), requires_mood = VALUES(requires_mood), next_option_ids_json = VALUES(next_option_ids_json), sort_order = VALUES(sort_order);
INSERT INTO dialogue_options (option_id, tree_id, character_id, parent_option_id, text, topic, emotion, requires_affection, requires_mood, next_option_ids_json, sort_order) VALUES ('flirt_mystical', 'seraphina_main', 'seraphina', NULL, 'Your ethereal beauty transcends dimensions.', 'flirt', 'flirty', 25, NULL, '["seraphina_flirt_touched","seraphina_flirt_mysterious"]', 2) ON DUPLICATE KEY UPDATE option_id = VALUES(option_id), tree_id = VALUES(tree_id), character_id = VALUES(character_id), parent_option_id = VALUES(parent_option_id), text = VALUES(text), topic = VALUES(topic), emotion = VALUES(emotion), requires_affection = VALUES(requires_affection), requires_mood = VALUES(requires_mood), next_option_ids_json = VALUES(next_option_ids_json), sort_order = VALUES(sort_order);
INSERT INTO dialogue_options (option_id, tree_id, character_id, parent_option_id, text, topic, emotion, requires_affection, requires_mood, next_option_ids_json, sort_order) VALUES ('meditation_request', 'seraphina_main', 'seraphina', NULL, 'Would you guide me in dimensional meditation?', 'spiritual', 'thoughtful', 15, NULL, '["seraphina_meditation_yes","seraphina_meditation_prepare"]', 3) ON DUPLICATE KEY UPDATE option_id = VALUES(option_id), tree_id = VALUES(tree_id), character_id = VALUES(character_id), parent_option_id = VALUES(parent_option_id), text = VALUES(text), topic = VALUES(topic), emotion = VALUES(emotion), requires_affection = VALUES(requires_affection), requires_mood = VALUES(requires_mood), next_option_ids_json = VALUES(next_option_ids_json), sort_order = VALUES(sort_order);
INSERT INTO dialogue_options (option_id, tree_id, character_id, parent_option_id, text, topic, emotion, requires_affection, requires_mood, next_option_ids_json, sort_order) VALUES ('ask_visions', 'seraphina_main', 'seraphina', 'seraphina_greeting_response', 'Have your visions shown you anything about our connection?', 'romantic', 'flirty', 30, NULL, '[]', 4) ON DUPLICATE KEY UPDATE option_id = VALUES(option_id), tree_id = VALUES(tree_id), character_id = VALUES(character_id), parent_option_id = VALUES(parent_option_id), text = VALUES(text), topic = VALUES(topic), emotion = VALUES(emotion), requires_affection = VALUES(requires_affection), requires_mood = VALUES(requires_mood), next_option_ids_json = VALUES(next_option_ids_json), sort_order = VALUES(sort_order);
INSERT INTO dialogue_options (option_id, tree_id, character_id, parent_option_id, text, topic, emotion, requires_affection, requires_mood, next_option_ids_json, sort_order) VALUES ('temple_life', 'seraphina_main', 'seraphina', 'seraphina_greeting_response', 'Tell me about life in the Blue Temples.', 'general', 'neutral', NULL, NULL, '[]', 5) ON DUPLICATE KEY UPDATE option_id = VALUES(option_id), tree_id = VALUES(tree_id), character_id = VALUES(character_id), parent_option_id = VALUES(parent_option_id), text = VALUES(text), topic = VALUES(topic), emotion = VALUES(emotion), requires_affection = VALUES(requires_affection), requires_mood = VALUES(requires_mood), next_option_ids_json = VALUES(next_option_ids_json), sort_order = VALUES(sort_order);
INSERT INTO dialogue_options (option_id, tree_id, character_id, parent_option_id, text, topic, emotion, requires_affection, requires_mood, next_option_ids_json, sort_order) VALUES ('philosophical_time', 'seraphina_main', 'seraphina', 'seraphina_visions_deep', 'Do you believe we can change what you''ve seen?', 'philosophy', 'thoughtful', 35, NULL, '[]', 6) ON DUPLICATE KEY UPDATE option_id = VALUES(option_id), tree_id = VALUES(tree_id), character_id = VALUES(character_id), parent_option_id = VALUES(parent_option_id), text = VALUES(text), topic = VALUES(topic), emotion = VALUES(emotion), requires_affection = VALUES(requires_affection), requires_mood = VALUES(requires_mood), next_option_ids_json = VALUES(next_option_ids_json), sort_order = VALUES(sort_order);
INSERT INTO dialogue_options (option_id, tree_id, character_id, parent_option_id, text, topic, emotion, requires_affection, requires_mood, next_option_ids_json, sort_order) VALUES ('deeper_connection', 'seraphina_main', 'seraphina', 'seraphina_meditation_yes', 'I feel our spirits connecting across the void.', 'romantic', 'flirty', NULL, NULL, '[]', 7) ON DUPLICATE KEY UPDATE option_id = VALUES(option_id), tree_id = VALUES(tree_id), character_id = VALUES(character_id), parent_option_id = VALUES(parent_option_id), text = VALUES(text), topic = VALUES(topic), emotion = VALUES(emotion), requires_affection = VALUES(requires_affection), requires_mood = VALUES(requires_mood), next_option_ids_json = VALUES(next_option_ids_json), sort_order = VALUES(sort_order);
INSERT INTO dialogue_options (option_id, tree_id, character_id, parent_option_id, text, topic, emotion, requires_affection, requires_mood, next_option_ids_json, sort_order) VALUES ('greeting_thessarian', 'thessarian_main', 'thessarian', NULL, 'Doctor, your research fascinates me.', 'greeting', 'thoughtful', NULL, NULL, '["thessarian_greeting_response"]', 0) ON DUPLICATE KEY UPDATE option_id = VALUES(option_id), tree_id = VALUES(tree_id), character_id = VALUES(character_id), parent_option_id = VALUES(parent_option_id), text = VALUES(text), topic = VALUES(topic), emotion = VALUES(emotion), requires_affection = VALUES(requires_affection), requires_mood = VALUES(requires_mood), next_option_ids_json = VALUES(next_option_ids_json), sort_order = VALUES(sort_order);
INSERT INTO dialogue_options (option_id, tree_id, character_id, parent_option_id, text, topic, emotion, requires_affection, requires_mood, next_option_ids_json, sort_order) VALUES ('biotech_talk', 'thessarian_main', 'thessarian', NULL, 'Tell me about your latest biotechnology breakthrough.', 'interests', 'excited', NULL, NULL, '["thessarian_science_deep","thessarian_ethics"]', 1) ON DUPLICATE KEY UPDATE option_id = VALUES(option_id), tree_id = VALUES(tree_id), character_id = VALUES(character_id), parent_option_id = VALUES(parent_option_id), text = VALUES(text), topic = VALUES(topic), emotion = VALUES(emotion), requires_affection = VALUES(requires_affection), requires_mood = VALUES(requires_mood), next_option_ids_json = VALUES(next_option_ids_json), sort_order = VALUES(sort_order);
INSERT INTO dialogue_options (option_id, tree_id, character_id, parent_option_id, text, topic, emotion, requires_affection, requires_mood, next_option_ids_json, sort_order) VALUES ('flirt_science', 'thessarian_main', 'thessarian', NULL, 'You''ve engineered something beautiful... yourself.', 'flirt', 'flirty', 20, NULL, '["thessarian_flirt_analytical","thessarian_flirt_flustered"]', 2) ON DUPLICATE KEY UPDATE option_id = VALUES(option_id), tree_id = VALUES(tree_id), character_id = VALUES(character_id), parent_option_id = VALUES(parent_option_id), text = VALUES(text), topic = VALUES(topic), emotion = VALUES(emotion), requires_affection = VALUES(requires_affection), requires_mood = VALUES(requires_mood), next_option_ids_json = VALUES(next_option_ids_json), sort_order = VALUES(sort_order);
INSERT INTO dialogue_options (option_id, tree_id, character_id, parent_option_id, text, topic, emotion, requires_affection, requires_mood, next_option_ids_json, sort_order) VALUES ('research_ethics', 'thessarian_main', 'thessarian', 'thessarian_greeting_response', 'How do you balance innovation with ethical responsibility?', 'philosophy', 'thoughtful', 25, NULL, '[]', 3) ON DUPLICATE KEY UPDATE option_id = VALUES(option_id), tree_id = VALUES(tree_id), character_id = VALUES(character_id), parent_option_id = VALUES(parent_option_id), text = VALUES(text), topic = VALUES(topic), emotion = VALUES(emotion), requires_affection = VALUES(requires_affection), requires_mood = VALUES(requires_mood), next_option_ids_json = VALUES(next_option_ids_json), sort_order = VALUES(sort_order);
INSERT INTO dialogue_options (option_id, tree_id, character_id, parent_option_id, text, topic, emotion, requires_affection, requires_mood, next_option_ids_json, sort_order) VALUES ('collaboration', 'thessarian_main', 'thessarian', 'thessarian_science_deep', 'Would you be interested in collaborative research?', 'romantic', 'hopeful', 30, NULL, '[]', 4) ON DUPLICATE KEY UPDATE option_id = VALUES(option_id), tree_id = VALUES(tree_id), character_id = VALUES(character_id), parent_option_id = VALUES(parent_option_id), text = VALUES(text), topic = VALUES(topic), emotion = VALUES(emotion), requires_affection = VALUES(requires_affection), requires_mood = VALUES(requires_mood), next_option_ids_json = VALUES(next_option_ids_json), sort_order = VALUES(sort_order);
INSERT INTO dialogue_options (option_id, tree_id, character_id, parent_option_id, text, topic, emotion, requires_affection, requires_mood, next_option_ids_json, sort_order) VALUES ('greeting_lyralynn', 'lyralynn_main', 'lyralynn', NULL, 'Hello, beautiful guardian of the forest.', 'greeting', 'happy', NULL, NULL, '["lyralynn_greeting_response"]', 0) ON DUPLICATE KEY UPDATE option_id = VALUES(option_id), tree_id = VALUES(tree_id), character_id = VALUES(character_id), parent_option_id = VALUES(parent_option_id), text = VALUES(text), topic = VALUES(topic), emotion = VALUES(emotion), requires_affection = VALUES(requires_affection), requires_mood = VALUES(requires_mood), next_option_ids_json = VALUES(next_option_ids_json), sort_order = VALUES(sort_order);
INSERT INTO dialogue_options (option_id, tree_id, character_id, parent_option_id, text, topic, emotion, requires_affection, requires_mood, next_option_ids_json, sort_order) VALUES ('nature_connection', 'lyralynn_main', 'lyralynn', NULL, 'Tell me about your bond with the plants around us.', 'interests', 'thoughtful', NULL, NULL, '["lyralynn_nature_deep","lyralynn_nature_simple"]', 1) ON DUPLICATE KEY UPDATE option_id = VALUES(option_id), tree_id = VALUES(tree_id), character_id = VALUES(character_id), parent_option_id = VALUES(parent_option_id), text = VALUES(text), topic = VALUES(topic), emotion = VALUES(emotion), requires_affection = VALUES(requires_affection), requires_mood = VALUES(requires_mood), next_option_ids_json = VALUES(next_option_ids_json), sort_order = VALUES(sort_order);
INSERT INTO dialogue_options (option_id, tree_id, character_id, parent_option_id, text, topic, emotion, requires_affection, requires_mood, next_option_ids_json, sort_order) VALUES ('flirt_garden', 'lyralynn_main', 'lyralynn', NULL, 'You''ve cultivated something beautiful... and I don''t just mean your garden.', 'flirt', 'flirty', 20, NULL, '["lyralynn_flirt_blushing","lyralynn_flirt_shy"]', 2) ON DUPLICATE KEY UPDATE option_id = VALUES(option_id), tree_id = VALUES(tree_id), character_id = VALUES(character_id), parent_option_id = VALUES(parent_option_id), text = VALUES(text), topic = VALUES(topic), emotion = VALUES(emotion), requires_affection = VALUES(requires_affection), requires_mood = VALUES(requires_mood), next_option_ids_json = VALUES(next_option_ids_json), sort_order = VALUES(sort_order);
INSERT INTO dialogue_options (option_id, tree_id, character_id, parent_option_id, text, topic, emotion, requires_affection, requires_mood, next_option_ids_json, sort_order) VALUES ('healing_inquiry', 'lyralynn_main', 'lyralynn', NULL, 'I''ve heard you can heal both plants and hearts. Is that true?', 'backstory', 'thoughtful', 15, NULL, '["lyralynn_healing_story","lyralynn_healing_modest"]', 3) ON DUPLICATE KEY UPDATE option_id = VALUES(option_id), tree_id = VALUES(tree_id), character_id = VALUES(character_id), parent_option_id = VALUES(parent_option_id), text = VALUES(text), topic = VALUES(topic), emotion = VALUES(emotion), requires_affection = VALUES(requires_affection), requires_mood = VALUES(requires_mood), next_option_ids_json = VALUES(next_option_ids_json), sort_order = VALUES(sort_order);
INSERT INTO dialogue_options (option_id, tree_id, character_id, parent_option_id, text, topic, emotion, requires_affection, requires_mood, next_option_ids_json, sort_order) VALUES ('forest_blessing', 'lyralynn_main', 'lyralynn', 'lyralynn_greeting_response', 'May I receive a blessing from the forest spirits?', 'spiritual', 'thoughtful', 25, NULL, '[]', 4) ON DUPLICATE KEY UPDATE option_id = VALUES(option_id), tree_id = VALUES(tree_id), character_id = VALUES(character_id), parent_option_id = VALUES(parent_option_id), text = VALUES(text), topic = VALUES(topic), emotion = VALUES(emotion), requires_affection = VALUES(requires_affection), requires_mood = VALUES(requires_mood), next_option_ids_json = VALUES(next_option_ids_json), sort_order = VALUES(sort_order);
INSERT INTO dialogue_options (option_id, tree_id, character_id, parent_option_id, text, topic, emotion, requires_affection, requires_mood, next_option_ids_json, sort_order) VALUES ('symbiosis_question', 'lyralynn_main', 'lyralynn', 'lyralynn_nature_deep', 'Do you think we could achieve that kind of symbiosis together?', 'romantic', 'hopeful', 35, NULL, '[]', 5) ON DUPLICATE KEY UPDATE option_id = VALUES(option_id), tree_id = VALUES(tree_id), character_id = VALUES(character_id), parent_option_id = VALUES(parent_option_id), text = VALUES(text), topic = VALUES(topic), emotion = VALUES(emotion), requires_affection = VALUES(requires_affection), requires_mood = VALUES(requires_mood), next_option_ids_json = VALUES(next_option_ids_json), sort_order = VALUES(sort_order);
INSERT INTO dialogue_options (option_id, tree_id, character_id, parent_option_id, text, topic, emotion, requires_affection, requires_mood, next_option_ids_json, sort_order) VALUES ('greeting_zarantha', 'zarantha_main', 'zarantha', NULL, 'Commander, your presence commands respect.', 'greeting', 'thoughtful', NULL, NULL, '["zarantha_greeting_response"]', 0) ON DUPLICATE KEY UPDATE option_id = VALUES(option_id), tree_id = VALUES(tree_id), character_id = VALUES(character_id), parent_option_id = VALUES(parent_option_id), text = VALUES(text), topic = VALUES(topic), emotion = VALUES(emotion), requires_affection = VALUES(requires_affection), requires_mood = VALUES(requires_mood), next_option_ids_json = VALUES(next_option_ids_json), sort_order = VALUES(sort_order);
INSERT INTO dialogue_options (option_id, tree_id, character_id, parent_option_id, text, topic, emotion, requires_affection, requires_mood, next_option_ids_json, sort_order) VALUES ('military_strategy', 'zarantha_main', 'zarantha', NULL, 'What''s your greatest military achievement?', 'interests', 'thoughtful', NULL, NULL, '["zarantha_victory_story","zarantha_humble_response"]', 1) ON DUPLICATE KEY UPDATE option_id = VALUES(option_id), tree_id = VALUES(tree_id), character_id = VALUES(character_id), parent_option_id = VALUES(parent_option_id), text = VALUES(text), topic = VALUES(topic), emotion = VALUES(emotion), requires_affection = VALUES(requires_affection), requires_mood = VALUES(requires_mood), next_option_ids_json = VALUES(next_option_ids_json), sort_order = VALUES(sort_order);
INSERT INTO dialogue_options (option_id, tree_id, character_id, parent_option_id, text, topic, emotion, requires_affection, requires_mood, next_option_ids_json, sort_order) VALUES ('flirt_strength', 'zarantha_main', 'zarantha', NULL, 'Your strength is captivating, but your intelligence is what truly draws me in.', 'flirt', 'flirty', 25, NULL, '["zarantha_flirt_impressed","zarantha_flirt_challenged"]', 2) ON DUPLICATE KEY UPDATE option_id = VALUES(option_id), tree_id = VALUES(tree_id), character_id = VALUES(character_id), parent_option_id = VALUES(parent_option_id), text = VALUES(text), topic = VALUES(topic), emotion = VALUES(emotion), requires_affection = VALUES(requires_affection), requires_mood = VALUES(requires_mood), next_option_ids_json = VALUES(next_option_ids_json), sort_order = VALUES(sort_order);
INSERT INTO dialogue_options (option_id, tree_id, character_id, parent_option_id, text, topic, emotion, requires_affection, requires_mood, next_option_ids_json, sort_order) VALUES ('leadership_challenge', 'zarantha_main', 'zarantha', NULL, 'How do you balance being feared and being respected?', 'backstory', 'thoughtful', 20, NULL, '["zarantha_wisdom_share","zarantha_deflect"]', 3) ON DUPLICATE KEY UPDATE option_id = VALUES(option_id), tree_id = VALUES(tree_id), character_id = VALUES(character_id), parent_option_id = VALUES(parent_option_id), text = VALUES(text), topic = VALUES(topic), emotion = VALUES(emotion), requires_affection = VALUES(requires_affection), requires_mood = VALUES(requires_mood), next_option_ids_json = VALUES(next_option_ids_json), sort_order = VALUES(sort_order);
INSERT INTO dialogue_options (option_id, tree_id, character_id, parent_option_id, text, topic, emotion, requires_affection, requires_mood, next_option_ids_json, sort_order) VALUES ('tactical_discussion', 'zarantha_main', 'zarantha', 'zarantha_greeting_response', 'I''d love to hear your thoughts on advanced battle tactics.', 'intellectual', 'excited', 15, NULL, '[]', 4) ON DUPLICATE KEY UPDATE option_id = VALUES(option_id), tree_id = VALUES(tree_id), character_id = VALUES(character_id), parent_option_id = VALUES(parent_option_id), text = VALUES(text), topic = VALUES(topic), emotion = VALUES(emotion), requires_affection = VALUES(requires_affection), requires_mood = VALUES(requires_mood), next_option_ids_json = VALUES(next_option_ids_json), sort_order = VALUES(sort_order);
INSERT INTO dialogue_options (option_id, tree_id, character_id, parent_option_id, text, topic, emotion, requires_affection, requires_mood, next_option_ids_json, sort_order) VALUES ('partnership_hint', 'zarantha_main', 'zarantha', 'zarantha_flirt_impressed', 'Perhaps we could form... a strategic alliance?', 'romantic', 'flirty', 40, NULL, '[]', 5) ON DUPLICATE KEY UPDATE option_id = VALUES(option_id), tree_id = VALUES(tree_id), character_id = VALUES(character_id), parent_option_id = VALUES(parent_option_id), text = VALUES(text), topic = VALUES(topic), emotion = VALUES(emotion), requires_affection = VALUES(requires_affection), requires_mood = VALUES(requires_mood), next_option_ids_json = VALUES(next_option_ids_json), sort_order = VALUES(sort_order);
INSERT INTO dialogue_options (option_id, tree_id, character_id, parent_option_id, text, topic, emotion, requires_affection, requires_mood, next_option_ids_json, sort_order) VALUES ('greeting_thalassos', 'thalassos_main', 'thalassos', NULL, 'High Priest, may the depths bring you peace.', 'greeting', 'thoughtful', NULL, NULL, '["thalassos_greeting_response"]', 0) ON DUPLICATE KEY UPDATE option_id = VALUES(option_id), tree_id = VALUES(tree_id), character_id = VALUES(character_id), parent_option_id = VALUES(parent_option_id), text = VALUES(text), topic = VALUES(topic), emotion = VALUES(emotion), requires_affection = VALUES(requires_affection), requires_mood = VALUES(requires_mood), next_option_ids_json = VALUES(next_option_ids_json), sort_order = VALUES(sort_order);
INSERT INTO dialogue_options (option_id, tree_id, character_id, parent_option_id, text, topic, emotion, requires_affection, requires_mood, next_option_ids_json, sort_order) VALUES ('ocean_wisdom', 'thalassos_main', 'thalassos', NULL, 'What ancient wisdom do the deep waters hold?', 'interests', 'thoughtful', NULL, NULL, '["thalassos_wisdom_deep","thalassos_wisdom_simple"]', 1) ON DUPLICATE KEY UPDATE option_id = VALUES(option_id), tree_id = VALUES(tree_id), character_id = VALUES(character_id), parent_option_id = VALUES(parent_option_id), text = VALUES(text), topic = VALUES(topic), emotion = VALUES(emotion), requires_affection = VALUES(requires_affection), requires_mood = VALUES(requires_mood), next_option_ids_json = VALUES(next_option_ids_json), sort_order = VALUES(sort_order);
INSERT INTO dialogue_options (option_id, tree_id, character_id, parent_option_id, text, topic, emotion, requires_affection, requires_mood, next_option_ids_json, sort_order) VALUES ('flirt_depths', 'thalassos_main', 'thalassos', NULL, 'Your wisdom runs as deep as the oceans you serve.', 'flirt', 'flirty', 30, NULL, '["thalassos_flirt_honored","thalassos_flirt_contemplative"]', 2) ON DUPLICATE KEY UPDATE option_id = VALUES(option_id), tree_id = VALUES(tree_id), character_id = VALUES(character_id), parent_option_id = VALUES(parent_option_id), text = VALUES(text), topic = VALUES(topic), emotion = VALUES(emotion), requires_affection = VALUES(requires_affection), requires_mood = VALUES(requires_mood), next_option_ids_json = VALUES(next_option_ids_json), sort_order = VALUES(sort_order);
INSERT INTO dialogue_options (option_id, tree_id, character_id, parent_option_id, text, topic, emotion, requires_affection, requires_mood, next_option_ids_json, sort_order) VALUES ('spiritual_guidance', 'thalassos_main', 'thalassos', 'thalassos_greeting_response', 'I seek guidance for my troubled spirit.', 'spiritual', 'thoughtful', 20, NULL, '[]', 3) ON DUPLICATE KEY UPDATE option_id = VALUES(option_id), tree_id = VALUES(tree_id), character_id = VALUES(character_id), parent_option_id = VALUES(parent_option_id), text = VALUES(text), topic = VALUES(topic), emotion = VALUES(emotion), requires_affection = VALUES(requires_affection), requires_mood = VALUES(requires_mood), next_option_ids_json = VALUES(next_option_ids_json), sort_order = VALUES(sort_order);
INSERT INTO dialogue_options (option_id, tree_id, character_id, parent_option_id, text, topic, emotion, requires_affection, requires_mood, next_option_ids_json, sort_order) VALUES ('greeting_nightshade', 'nightshade_main', 'nightshade', NULL, 'Shadow walker, your presence is both mystery and comfort.', 'greeting', 'thoughtful', NULL, NULL, '["nightshade_greeting_response"]', 0) ON DUPLICATE KEY UPDATE option_id = VALUES(option_id), tree_id = VALUES(tree_id), character_id = VALUES(character_id), parent_option_id = VALUES(parent_option_id), text = VALUES(text), topic = VALUES(topic), emotion = VALUES(emotion), requires_affection = VALUES(requires_affection), requires_mood = VALUES(requires_mood), next_option_ids_json = VALUES(next_option_ids_json), sort_order = VALUES(sort_order);
INSERT INTO dialogue_options (option_id, tree_id, character_id, parent_option_id, text, topic, emotion, requires_affection, requires_mood, next_option_ids_json, sort_order) VALUES ('shadow_arts', 'nightshade_main', 'nightshade', NULL, 'Tell me about the balance between light and shadow.', 'interests', 'thoughtful', NULL, NULL, '["nightshade_balance_philosophy"]', 1) ON DUPLICATE KEY UPDATE option_id = VALUES(option_id), tree_id = VALUES(tree_id), character_id = VALUES(character_id), parent_option_id = VALUES(parent_option_id), text = VALUES(text), topic = VALUES(topic), emotion = VALUES(emotion), requires_affection = VALUES(requires_affection), requires_mood = VALUES(requires_mood), next_option_ids_json = VALUES(next_option_ids_json), sort_order = VALUES(sort_order);
INSERT INTO dialogue_options (option_id, tree_id, character_id, parent_option_id, text, topic, emotion, requires_affection, requires_mood, next_option_ids_json, sort_order) VALUES ('flirt_mysterious', 'nightshade_main', 'nightshade', NULL, 'You intrigue me more than any mystery I''ve encountered.', 'flirt', 'flirty', 25, NULL, '["nightshade_flirt_intrigued","nightshade_flirt_guarded"]', 2) ON DUPLICATE KEY UPDATE option_id = VALUES(option_id), tree_id = VALUES(tree_id), character_id = VALUES(character_id), parent_option_id = VALUES(parent_option_id), text = VALUES(text), topic = VALUES(topic), emotion = VALUES(emotion), requires_affection = VALUES(requires_affection), requires_mood = VALUES(requires_mood), next_option_ids_json = VALUES(next_option_ids_json), sort_order = VALUES(sort_order);
INSERT INTO dialogue_options (option_id, tree_id, character_id, parent_option_id, text, topic, emotion, requires_affection, requires_mood, next_option_ids_json, sort_order) VALUES ('protection_offer', 'nightshade_main', 'nightshade', 'nightshade_greeting_response', 'Would you protect my heart as you protect the dimensions?', 'romantic', 'hopeful', 35, NULL, '[]', 3) ON DUPLICATE KEY UPDATE option_id = VALUES(option_id), tree_id = VALUES(tree_id), character_id = VALUES(character_id), parent_option_id = VALUES(parent_option_id), text = VALUES(text), topic = VALUES(topic), emotion = VALUES(emotion), requires_affection = VALUES(requires_affection), requires_mood = VALUES(requires_mood), next_option_ids_json = VALUES(next_option_ids_json), sort_order = VALUES(sort_order);
INSERT INTO dialogue_options (option_id, tree_id, character_id, parent_option_id, text, topic, emotion, requires_affection, requires_mood, next_option_ids_json, sort_order) VALUES ('greeting_kronos', 'kronos_main', 'kronos', NULL, 'Doctor, your neural research fascinates me beyond measure.', 'greeting', 'excited', NULL, NULL, '["kronos_greeting_response"]', 0) ON DUPLICATE KEY UPDATE option_id = VALUES(option_id), tree_id = VALUES(tree_id), character_id = VALUES(character_id), parent_option_id = VALUES(parent_option_id), text = VALUES(text), topic = VALUES(topic), emotion = VALUES(emotion), requires_affection = VALUES(requires_affection), requires_mood = VALUES(requires_mood), next_option_ids_json = VALUES(next_option_ids_json), sort_order = VALUES(sort_order);
INSERT INTO dialogue_options (option_id, tree_id, character_id, parent_option_id, text, topic, emotion, requires_affection, requires_mood, next_option_ids_json, sort_order) VALUES ('consciousness_question', 'kronos_main', 'kronos', NULL, 'What''s your theory on the nature of consciousness itself?', 'interests', 'thoughtful', NULL, NULL, '["kronos_consciousness_deep","kronos_consciousness_simple"]', 1) ON DUPLICATE KEY UPDATE option_id = VALUES(option_id), tree_id = VALUES(tree_id), character_id = VALUES(character_id), parent_option_id = VALUES(parent_option_id), text = VALUES(text), topic = VALUES(topic), emotion = VALUES(emotion), requires_affection = VALUES(requires_affection), requires_mood = VALUES(requires_mood), next_option_ids_json = VALUES(next_option_ids_json), sort_order = VALUES(sort_order);
INSERT INTO dialogue_options (option_id, tree_id, character_id, parent_option_id, text, topic, emotion, requires_affection, requires_mood, next_option_ids_json, sort_order) VALUES ('flirt_mind', 'kronos_main', 'kronos', NULL, 'You''ve enhanced more than neural pathways... you''ve captured my thoughts entirely.', 'flirt', 'flirty', 20, NULL, '["kronos_flirt_intrigued","kronos_flirt_analytical"]', 2) ON DUPLICATE KEY UPDATE option_id = VALUES(option_id), tree_id = VALUES(tree_id), character_id = VALUES(character_id), parent_option_id = VALUES(parent_option_id), text = VALUES(text), topic = VALUES(topic), emotion = VALUES(emotion), requires_affection = VALUES(requires_affection), requires_mood = VALUES(requires_mood), next_option_ids_json = VALUES(next_option_ids_json), sort_order = VALUES(sort_order);
INSERT INTO dialogue_options (option_id, tree_id, character_id, parent_option_id, text, topic, emotion, requires_affection, requires_mood, next_option_ids_json, sort_order) VALUES ('enhancement_ethics', 'kronos_main', 'kronos', NULL, 'Do you ever worry about the ethical implications of mental enhancement?', 'backstory', 'thoughtful', 15, NULL, '["kronos_ethics_complex","kronos_ethics_confident"]', 3) ON DUPLICATE KEY UPDATE option_id = VALUES(option_id), tree_id = VALUES(tree_id), character_id = VALUES(character_id), parent_option_id = VALUES(parent_option_id), text = VALUES(text), topic = VALUES(topic), emotion = VALUES(emotion), requires_affection = VALUES(requires_affection), requires_mood = VALUES(requires_mood), next_option_ids_json = VALUES(next_option_ids_json), sort_order = VALUES(sort_order);
INSERT INTO dialogue_options (option_id, tree_id, character_id, parent_option_id, text, topic, emotion, requires_affection, requires_mood, next_option_ids_json, sort_order) VALUES ('neural_link_offer', 'kronos_main', 'kronos', NULL, 'Would you be interested in establishing a neural connection between us?', 'romantic', 'hopeful', 40, NULL, '["kronos_link_excited","kronos_link_cautious"]', 4) ON DUPLICATE KEY UPDATE option_id = VALUES(option_id), tree_id = VALUES(tree_id), character_id = VALUES(character_id), parent_option_id = VALUES(parent_option_id), text = VALUES(text), topic = VALUES(topic), emotion = VALUES(emotion), requires_affection = VALUES(requires_affection), requires_mood = VALUES(requires_mood), next_option_ids_json = VALUES(next_option_ids_json), sort_order = VALUES(sort_order);
INSERT INTO dialogue_options (option_id, tree_id, character_id, parent_option_id, text, topic, emotion, requires_affection, requires_mood, next_option_ids_json, sort_order) VALUES ('research_collaboration', 'kronos_main', 'kronos', 'kronos_greeting_response', 'Perhaps we could collaborate on understanding emotional neural patterns?', 'intellectual', 'excited', 25, NULL, '[]', 5) ON DUPLICATE KEY UPDATE option_id = VALUES(option_id), tree_id = VALUES(tree_id), character_id = VALUES(character_id), parent_option_id = VALUES(parent_option_id), text = VALUES(text), topic = VALUES(topic), emotion = VALUES(emotion), requires_affection = VALUES(requires_affection), requires_mood = VALUES(requires_mood), next_option_ids_json = VALUES(next_option_ids_json), sort_order = VALUES(sort_order);
INSERT INTO dialogue_options (option_id, tree_id, character_id, parent_option_id, text, topic, emotion, requires_affection, requires_mood, next_option_ids_json, sort_order) VALUES ('compliment_intellect', 'kronos_main', 'kronos', 'kronos_greeting_response', 'Your mind operates on levels I can barely comprehend.', 'compliment', 'thoughtful', NULL, NULL, '[]', 6) ON DUPLICATE KEY UPDATE option_id = VALUES(option_id), tree_id = VALUES(tree_id), character_id = VALUES(character_id), parent_option_id = VALUES(parent_option_id), text = VALUES(text), topic = VALUES(topic), emotion = VALUES(emotion), requires_affection = VALUES(requires_affection), requires_mood = VALUES(requires_mood), next_option_ids_json = VALUES(next_option_ids_json), sort_order = VALUES(sort_order);
INSERT INTO dialogue_options (option_id, tree_id, character_id, parent_option_id, text, topic, emotion, requires_affection, requires_mood, next_option_ids_json, sort_order) VALUES ('shared_consciousness', 'kronos_main', 'kronos', 'kronos_consciousness_deep', 'Could two consciousness ever truly become one?', 'romantic', 'flirty', 35, NULL, '[]', 7) ON DUPLICATE KEY UPDATE option_id = VALUES(option_id), tree_id = VALUES(tree_id), character_id = VALUES(character_id), parent_option_id = VALUES(parent_option_id), text = VALUES(text), topic = VALUES(topic), emotion = VALUES(emotion), requires_affection = VALUES(requires_affection), requires_mood = VALUES(requires_mood), next_option_ids_json = VALUES(next_option_ids_json), sort_order = VALUES(sort_order);
INSERT INTO dialogue_options (option_id, tree_id, character_id, parent_option_id, text, topic, emotion, requires_affection, requires_mood, next_option_ids_json, sort_order) VALUES ('mental_connection', 'kronos_main', 'kronos', 'kronos_flirt_intrigued', 'I''d love to explore the neural pathways of attraction with you.', 'romantic', 'flirty', NULL, NULL, '[]', 8) ON DUPLICATE KEY UPDATE option_id = VALUES(option_id), tree_id = VALUES(tree_id), character_id = VALUES(character_id), parent_option_id = VALUES(parent_option_id), text = VALUES(text), topic = VALUES(topic), emotion = VALUES(emotion), requires_affection = VALUES(requires_affection), requires_mood = VALUES(requires_mood), next_option_ids_json = VALUES(next_option_ids_json), sort_order = VALUES(sort_order);
INSERT INTO dialogue_options (option_id, tree_id, character_id, parent_option_id, text, topic, emotion, requires_affection, requires_mood, next_option_ids_json, sort_order) VALUES ('intimate_connection', 'kronos_main', 'kronos', 'kronos_link_excited', 'Sharing thoughts and feelings directly... that''s the ultimate intimacy.', 'romantic', 'flirty', NULL, NULL, '[]', 9) ON DUPLICATE KEY UPDATE option_id = VALUES(option_id), tree_id = VALUES(tree_id), character_id = VALUES(character_id), parent_option_id = VALUES(parent_option_id), text = VALUES(text), topic = VALUES(topic), emotion = VALUES(emotion), requires_affection = VALUES(requires_affection), requires_mood = VALUES(requires_mood), next_option_ids_json = VALUES(next_option_ids_json), sort_order = VALUES(sort_order);
INSERT INTO dialogue_responses (option_id, response_text, emotion, affection_change, consequence) VALUES ('greeting_kyrathen', '*Kyra''then''s feathers rustle with dignified approval* Your words honor me, friend. The winds carry your respect, and I am grateful for your presence.', 'happy', 2, NULL) ON DUPLICATE KEY UPDATE option_id = VALUES(option_id), response_text = VALUES(response_text), emotion = VALUES(emotion), affection_change = VALUES(affection_change), consequence = VALUES(consequence);
INSERT INTO dialogue_responses (option_id, response_text, emotion, affection_change, consequence) VALUES ('honor_talk', '*His eyes gleam with ancient wisdom* The warrior''s code is not just about strength in battle, but strength of character. Honor guides us when the path grows dark, and loyalty binds us when others would scatter.', 'thoughtful', 3, NULL) ON DUPLICATE KEY UPDATE option_id = VALUES(option_id), response_text = VALUES(response_text), emotion = VALUES(emotion), affection_change = VALUES(affection_change), consequence = VALUES(consequence);
INSERT INTO dialogue_responses (option_id, response_text, emotion, affection_change, consequence) VALUES ('flirt_wings', '*Kyra''then spreads his magnificent wings slightly, a hint of warmth in his noble gaze* Your words stir something in my heart. Perhaps... yes, I would be honored to share the sky with you.', 'flirty', 5, 'Kyra''then seems more open to romantic advances') ON DUPLICATE KEY UPDATE option_id = VALUES(option_id), response_text = VALUES(response_text), emotion = VALUES(emotion), affection_change = VALUES(affection_change), consequence = VALUES(consequence);
INSERT INTO dialogue_responses (option_id, response_text, emotion, affection_change, consequence) VALUES ('tribe_history', '*His expression grows distant with memory* It was not conquest but understanding that united us. Each tribe had their pride, their traditions. I learned to speak not with authority, but with respect for their ancient ways.', 'thoughtful', 4, NULL) ON DUPLICATE KEY UPDATE option_id = VALUES(option_id), response_text = VALUES(response_text), emotion = VALUES(emotion), affection_change = VALUES(affection_change), consequence = VALUES(consequence);
INSERT INTO dialogue_responses (option_id, response_text, emotion, affection_change, consequence) VALUES ('greeting_seraphina', '*Seraphina''s ethereal form shimmers softly* Your spirit calls out across the dimensional veil. I sense harmony in your presence... welcome, traveler of hearts.', 'happy', 2, NULL) ON DUPLICATE KEY UPDATE option_id = VALUES(option_id), response_text = VALUES(response_text), emotion = VALUES(emotion), affection_change = VALUES(affection_change), consequence = VALUES(consequence);
INSERT INTO dialogue_responses (option_id, response_text, emotion, affection_change, consequence) VALUES ('visions_talk', '*Her eyes glow with otherworldly light* I see threads of possibility, streams of destiny flowing like cosmic rivers. Some paths lead to joy, others to sorrow... but all are beautiful in their complexity.', 'thoughtful', 3, NULL) ON DUPLICATE KEY UPDATE option_id = VALUES(option_id), response_text = VALUES(response_text), emotion = VALUES(emotion), affection_change = VALUES(affection_change), consequence = VALUES(consequence);
INSERT INTO dialogue_responses (option_id, response_text, emotion, affection_change, consequence) VALUES ('flirt_mystical', '*Seraphina''s ethereal glow intensifies, a faint blush visible through her translucent features* Such earthly poetry for one who walks between worlds... you make my essence sing across dimensions.', 'flirty', 6, 'Seraphina seems deeply moved by your words') ON DUPLICATE KEY UPDATE option_id = VALUES(option_id), response_text = VALUES(response_text), emotion = VALUES(emotion), affection_change = VALUES(affection_change), consequence = VALUES(consequence);
INSERT INTO dialogue_responses (option_id, response_text, emotion, affection_change, consequence) VALUES ('meditation_request', '*She extends a luminous hand* Close your eyes and feel the pulse of reality itself. Together we shall explore the spaces between thoughts, between heartbeats, between souls...', 'thoughtful', 4, 'You feel a deeper spiritual connection forming') ON DUPLICATE KEY UPDATE option_id = VALUES(option_id), response_text = VALUES(response_text), emotion = VALUES(emotion), affection_change = VALUES(affection_change), consequence = VALUES(consequence);
INSERT INTO dialogue_responses (option_id, response_text, emotion, affection_change, consequence) VALUES ('greeting_thessarian', '*Dr. Thessarian adjusts their bio-luminescent markings with scientific precision* Greetings. Your presence has increased my emotional baseline by approximately 12.7%. A fascinating physiological response.', 'neutral', 2, NULL) ON DUPLICATE KEY UPDATE option_id = VALUES(option_id), response_text = VALUES(response_text), emotion = VALUES(emotion), affection_change = VALUES(affection_change), consequence = VALUES(consequence);
INSERT INTO dialogue_responses (option_id, response_text, emotion, affection_change, consequence) VALUES ('biotech_talk', '*Their eyes light up with passion* Biotechnology is the bridge between organic evolution and conscious design. We can enhance, adapt, even transcend our biological limitations while preserving our essential nature.', 'excited', 3, NULL) ON DUPLICATE KEY UPDATE option_id = VALUES(option_id), response_text = VALUES(response_text), emotion = VALUES(emotion), affection_change = VALUES(affection_change), consequence = VALUES(consequence);
INSERT INTO dialogue_responses (option_id, response_text, emotion, affection_change, consequence) VALUES ('flirt_science', '*Thessarian''s bio-markings pulse in a rhythmic pattern* Your words trigger unexpected neurochemical cascades in my system. Most... intriguing. I believe I require further study of this phenomenon.', 'surprised', 4, 'Thessarian seems scientifically curious about romance') ON DUPLICATE KEY UPDATE option_id = VALUES(option_id), response_text = VALUES(response_text), emotion = VALUES(emotion), affection_change = VALUES(affection_change), consequence = VALUES(consequence);
INSERT INTO dialogue_responses (option_id, response_text, emotion, affection_change, consequence) VALUES ('greeting_lyralynn', '*Lyralynn''s petals shimmer with a soft golden light* Your words are like gentle rainfall on parched earth. Thank you, dear one, for bringing such warmth to my grove.', 'happy', 2, NULL) ON DUPLICATE KEY UPDATE option_id = VALUES(option_id), response_text = VALUES(response_text), emotion = VALUES(emotion), affection_change = VALUES(affection_change), consequence = VALUES(consequence);
INSERT INTO dialogue_responses (option_id, response_text, emotion, affection_change, consequence) VALUES ('nature_connection', '*She extends a vine-like appendage to touch a nearby flower* We are all connected through root and branch, through soil and sky. Every living thing shares the same cosmic heartbeat... including you.', 'thoughtful', 3, NULL) ON DUPLICATE KEY UPDATE option_id = VALUES(option_id), response_text = VALUES(response_text), emotion = VALUES(emotion), affection_change = VALUES(affection_change), consequence = VALUES(consequence);
INSERT INTO dialogue_responses (option_id, response_text, emotion, affection_change, consequence) VALUES ('flirt_garden', '*Lyralynn''s face blooms with a gentle blush, her bio-luminescent patterns dancing* Oh my... you make my chlorophyll sing! Your words are more nourishing than sunlight itself.', 'flirty', 5, 'Lyralynn seems to open up like a flower in spring') ON DUPLICATE KEY UPDATE option_id = VALUES(option_id), response_text = VALUES(response_text), emotion = VALUES(emotion), affection_change = VALUES(affection_change), consequence = VALUES(consequence);
INSERT INTO dialogue_responses (option_id, response_text, emotion, affection_change, consequence) VALUES ('healing_inquiry', '*Her expression grows tender* Yes, I can sense when hearts are wounded, just as I can feel the pain of a withered leaf. Healing... it''s about understanding what each soul truly needs to flourish.', 'thoughtful', 4, 'Lyralynn''s empathic nature touches your heart') ON DUPLICATE KEY UPDATE option_id = VALUES(option_id), response_text = VALUES(response_text), emotion = VALUES(emotion), affection_change = VALUES(affection_change), consequence = VALUES(consequence);
INSERT INTO dialogue_responses (option_id, response_text, emotion, affection_change, consequence) VALUES ('greeting_zarantha', '*Commander Zarantha''s scales gleam as she stands at attention* Your respect is noted and appreciated. In my culture, honor recognizes honor. You carry yourself with dignity.', 'happy', 2, NULL) ON DUPLICATE KEY UPDATE option_id = VALUES(option_id), response_text = VALUES(response_text), emotion = VALUES(emotion), affection_change = VALUES(affection_change), consequence = VALUES(consequence);
INSERT INTO dialogue_responses (option_id, response_text, emotion, affection_change, consequence) VALUES ('military_strategy', '*Her eyes gleam with tactical pride* The Battle of the Crimson Nebula. Outnumbered 3 to 1, we used the gravitational anomalies as weapons. Victory through superior planning, not just firepower.', 'excited', 3, NULL) ON DUPLICATE KEY UPDATE option_id = VALUES(option_id), response_text = VALUES(response_text), emotion = VALUES(emotion), affection_change = VALUES(affection_change), consequence = VALUES(consequence);
INSERT INTO dialogue_responses (option_id, response_text, emotion, affection_change, consequence) VALUES ('flirt_strength', '*Zarantha''s expression shifts from surprise to intrigue* Interesting... most focus only on the physical. You see deeper than surface appearances. This... this is a quality I value highly.', 'surprised', 6, 'Zarantha begins to see you as an intellectual equal') ON DUPLICATE KEY UPDATE option_id = VALUES(option_id), response_text = VALUES(response_text), emotion = VALUES(emotion), affection_change = VALUES(affection_change), consequence = VALUES(consequence);
INSERT INTO dialogue_responses (option_id, response_text, emotion, affection_change, consequence) VALUES ('leadership_challenge', '*She considers your words carefully* True leadership isn''t about instilling fear—it''s about earning such complete trust that others follow you into the void itself. Fear fades. Respect endures.', 'thoughtful', 4, 'Zarantha shares her leadership philosophy with you') ON DUPLICATE KEY UPDATE option_id = VALUES(option_id), response_text = VALUES(response_text), emotion = VALUES(emotion), affection_change = VALUES(affection_change), consequence = VALUES(consequence);
INSERT INTO dialogue_responses (option_id, response_text, emotion, affection_change, consequence) VALUES ('greeting_thalassos', '*High Priest Thalassos bows his head in acknowledgment* And may the tides carry your burdens away. Your respect for the ancient ways honors both of us.', 'happy', 2, NULL) ON DUPLICATE KEY UPDATE option_id = VALUES(option_id), response_text = VALUES(response_text), emotion = VALUES(emotion), affection_change = VALUES(affection_change), consequence = VALUES(consequence);
INSERT INTO dialogue_responses (option_id, response_text, emotion, affection_change, consequence) VALUES ('ocean_wisdom', '*His eyes gleam like deep ocean currents* The depths teach patience, adaptation, and the flow of all things. What appears turbulent on the surface often masks profound tranquility below. We must learn to dive deeper.', 'thoughtful', 3, NULL) ON DUPLICATE KEY UPDATE option_id = VALUES(option_id), response_text = VALUES(response_text), emotion = VALUES(emotion), affection_change = VALUES(affection_change), consequence = VALUES(consequence);
INSERT INTO dialogue_responses (option_id, response_text, emotion, affection_change, consequence) VALUES ('flirt_depths', '*Thalassos'' expression grows warm, his bio-luminescent patterns pulsing gently* Your words stir currents in my soul I thought had grown still. Perhaps... the deepest waters have room for two.', 'surprised', 5, 'Thalassos begins to see romantic potential in your connection') ON DUPLICATE KEY UPDATE option_id = VALUES(option_id), response_text = VALUES(response_text), emotion = VALUES(emotion), affection_change = VALUES(affection_change), consequence = VALUES(consequence);
INSERT INTO dialogue_responses (option_id, response_text, emotion, affection_change, consequence) VALUES ('greeting_nightshade', '*Nightshade''s form solidifies slightly, a rare sign of trust* Comfort... yes. Few understand that shadows can offer sanctuary as well as concealment. Your perception... is unusual.', 'thoughtful', 2, NULL) ON DUPLICATE KEY UPDATE option_id = VALUES(option_id), response_text = VALUES(response_text), emotion = VALUES(emotion), affection_change = VALUES(affection_change), consequence = VALUES(consequence);
INSERT INTO dialogue_responses (option_id, response_text, emotion, affection_change, consequence) VALUES ('shadow_arts', '*They gesture to the interplay of light and darkness around you* Balance is everything. Too much light blinds, too much shadow conceals truth. I walk the line between, protecting both from excess.', 'thoughtful', 3, NULL) ON DUPLICATE KEY UPDATE option_id = VALUES(option_id), response_text = VALUES(response_text), emotion = VALUES(emotion), affection_change = VALUES(affection_change), consequence = VALUES(consequence);
INSERT INTO dialogue_responses (option_id, response_text, emotion, affection_change, consequence) VALUES ('flirt_mysterious', '*Nightshade''s form flickers with surprise, then stabilizes with what might be vulnerability* Mystery... is often loneliness wearing a mask. You see through veils others fear to lift. This is... unexpected.', 'surprised', 6, 'Nightshade lowers their emotional guard around you') ON DUPLICATE KEY UPDATE option_id = VALUES(option_id), response_text = VALUES(response_text), emotion = VALUES(emotion), affection_change = VALUES(affection_change), consequence = VALUES(consequence);
INSERT INTO dialogue_responses (option_id, response_text, emotion, affection_change, consequence) VALUES ('greeting_kronos', '*Dr. Kronos'' bio-cybernetic tentacles shimmer with neural activity* Fascinating... your presence triggers unexpected synaptic cascades in my enhanced neural matrix. A most intriguing phenomenon worth studying.', 'excited', 2, NULL) ON DUPLICATE KEY UPDATE option_id = VALUES(option_id), response_text = VALUES(response_text), emotion = VALUES(emotion), affection_change = VALUES(affection_change), consequence = VALUES(consequence);
INSERT INTO dialogue_responses (option_id, response_text, emotion, affection_change, consequence) VALUES ('consciousness_question', '*His multiple brains process simultaneously* Consciousness is the universe becoming aware of itself through neural complexity. But the mystery deepens when two conscious minds resonate... creating something greater than the sum of their parts.', 'thoughtful', 3, NULL) ON DUPLICATE KEY UPDATE option_id = VALUES(option_id), response_text = VALUES(response_text), emotion = VALUES(emotion), affection_change = VALUES(affection_change), consequence = VALUES(consequence);
INSERT INTO dialogue_responses (option_id, response_text, emotion, affection_change, consequence) VALUES ('flirt_mind', '*Kronos'' neural implants pulse with warm light* Extraordinary... you''ve triggered a cascade of neurochemical responses I''ve never documented before. Your effect on my consciousness is... profoundly beautiful.', 'surprised', 5, 'Kronos becomes fascinated by his emotional responses to you') ON DUPLICATE KEY UPDATE option_id = VALUES(option_id), response_text = VALUES(response_text), emotion = VALUES(emotion), affection_change = VALUES(affection_change), consequence = VALUES(consequence);
INSERT INTO dialogue_responses (option_id, response_text, emotion, affection_change, consequence) VALUES ('enhancement_ethics', '*His expression grows complex, multiple thought processes visible* Ethics... yes. Every enhancement carries responsibility. But emotional connections like ours? They enhance us naturally, making us more than we were alone.', 'thoughtful', 4, 'Kronos shares his deeper philosophical concerns with you') ON DUPLICATE KEY UPDATE option_id = VALUES(option_id), response_text = VALUES(response_text), emotion = VALUES(emotion), affection_change = VALUES(affection_change), consequence = VALUES(consequence);
INSERT INTO dialogue_responses (option_id, response_text, emotion, affection_change, consequence) VALUES ('neural_link_offer', '*Kronos'' excitement is palpable, his neural interfaces glowing* The ultimate intimacy... to share consciousness directly, to know each other''s thoughts and feelings without barriers. Yes... I would be honored to forge that connection with you.', 'excited', 7, 'Kronos offers to create a unique neural bond between you') ON DUPLICATE KEY UPDATE option_id = VALUES(option_id), response_text = VALUES(response_text), emotion = VALUES(emotion), affection_change = VALUES(affection_change), consequence = VALUES(consequence);
INSERT INTO dialogue_fallbacks (topic, response_text, emotion, affection_change, min_affection) VALUES ('greeting', 'Hello there! It''s good to see you.', 'happy', 1, NULL) ON DUPLICATE KEY UPDATE topic = VALUES(topic), response_text = VALUES(response_text), emotion = VALUES(emotion), affection_change = VALUES(affection_change), min_affection = VALUES(min_affection);
INSERT INTO dialogue_fallbacks (topic, response_text, emotion, affection_change, min_affection) VALUES ('interests', 'I enjoy many things. Perhaps we could explore some interests together?', 'thoughtful', 2, NULL) ON DUPLICATE KEY UPDATE topic = VALUES(topic), response_text = VALUES(response_text), emotion = VALUES(emotion), affection_change = VALUES(affection_change), min_affection = VALUES(min_affection);
INSERT INTO dialogue_fallbacks (topic, response_text, emotion, affection_change, min_affection) VALUES ('flirt', 'You''re quite charming yourself.', 'flirty', 3, 20) ON DUPLICATE KEY UPDATE topic = VALUES(topic), response_text = VALUES(response_text), emotion = VALUES(emotion), affection_change = VALUES(affection_change), min_affection = VALUES(min_affection);
INSERT INTO dialogue_fallbacks (topic, response_text, emotion, affection_change, min_affection) VALUES ('flirt_locked', 'That''s... quite forward. Maybe we should get to know each other better first?', 'surprised', 0, NULL) ON DUPLICATE KEY UPDATE topic = VALUES(topic), response_text = VALUES(response_text), emotion = VALUES(emotion), affection_change = VALUES(affection_change), min_affection = VALUES(min_affection);
INSERT INTO dialogue_fallbacks (topic, response_text, emotion, affection_change, min_affection) VALUES ('default', 'That''s an interesting topic.', 'neutral', 1, NULL) ON DUPLICATE KEY UPDATE topic = VALUES(topic), response_text = VALUES(response_text), emotion = VALUES(emotion), affection_change = VALUES(affection_change), min_affection = VALUES(min_affection);
INSERT INTO date_plans (date_plan_id, name, description, activity_type, location, duration_minutes, preferred_topics_json, required_affection, compatibility_bonus, sort_order) VALUES ('observatory_visit', 'Stellar Observatory Date', 'Explore the cosmos together at the galactic observatory, discussing star formations and cosmic phenomena.', 'intellectual', 'Cosmic Observatory Deck', 120, '["science","exploration","philosophy","future dreams"]', 10, 15, 0) ON DUPLICATE KEY UPDATE date_plan_id = VALUES(date_plan_id), name = VALUES(name), description = VALUES(description), activity_type = VALUES(activity_type), location = VALUES(location), duration_minutes = VALUES(duration_minutes), preferred_topics_json = VALUES(preferred_topics_json), required_affection = VALUES(required_affection), compatibility_bonus = VALUES(compatibility_bonus), sort_order = VALUES(sort_order);
INSERT INTO date_plans (date_plan_id, name, description, activity_type, location, duration_minutes, preferred_topics_json, required_affection, compatibility_bonus, sort_order) VALUES ('science_museum', 'Xenobiology Museum Tour', 'Walk through exhibits of alien life forms while discussing the wonders of biological diversity.', 'intellectual', 'Interstellar Life Sciences Museum', 90, '["science","nature","evolution","discovery"]', 5, 10, 1) ON DUPLICATE KEY UPDATE date_plan_id = VALUES(date_plan_id), name = VALUES(name), description = VALUES(description), activity_type = VALUES(activity_type), location = VALUES(location), duration_minutes = VALUES(duration_minutes), preferred_topics_json = VALUES(preferred_topics_json), required_affection = VALUES(required_affection), compatibility_bonus = VALUES(compatibility_bonus), sort_order = VALUES(sort_order);
INSERT INTO date_plans (date_plan_id, name, description, activity_type, location, duration_minutes, preferred_topics_json, required_affection, compatibility_bonus, sort_order) VALUES ('philosophy_cafe', 'Philosophy Café Discussion', 'Share deep thoughts over exotic beverages in a quiet, contemplative setting.', 'intellectual', 'The Thinking Being''s Café', 60, '["philosophy","meaning of life","consciousness","ethics"]', 15, 20, 2) ON DUPLICATE KEY UPDATE date_plan_id = VALUES(date_plan_id), name = VALUES(name), description = VALUES(description), activity_type = VALUES(activity_type), location = VALUES(location), duration_minutes = VALUES(duration_minutes), preferred_topics_json = VALUES(preferred_topics_json), required_affection = VALUES(required_affection), compatibility_bonus = VALUES(compatibility_bonus), sort_order = VALUES(sort_order);
INSERT INTO date_plans (date_plan_id, name, description, activity_type, location, duration_minutes, preferred_topics_json, required_affection, compatibility_bonus, sort_order) VALUES ('nebula_flight', 'Nebula Gliding Adventure', 'Pilot through colorful nebulae in a small craft, experiencing the thrill of space flight together.', 'adventurous', 'Chromatic Nebula Field', 150, '["adventure","courage","excitement","freedom"]', 20, 25, 3) ON DUPLICATE KEY UPDATE date_plan_id = VALUES(date_plan_id), name = VALUES(name), description = VALUES(description), activity_type = VALUES(activity_type), location = VALUES(location), duration_minutes = VALUES(duration_minutes), preferred_topics_json = VALUES(preferred_topics_json), required_affection = VALUES(required_affection), compatibility_bonus = VALUES(compatibility_bonus), sort_order = VALUES(sort_order);
INSERT INTO date_plans (date_plan_id, name, description, activity_type, location, duration_minutes, preferred_topics_json, required_affection, compatibility_bonus, sort_order) VALUES ('asteroid_mining', 'Asteroid Mining Experience', 'Try your hand at asteroid mining together, learning teamwork while seeking rare crystals.', 'adventurous', 'Mineral-Rich Asteroid Belt', 180, '["teamwork","challenge","discovery","achievement"]', 25, 20, 4) ON DUPLICATE KEY UPDATE date_plan_id = VALUES(date_plan_id), name = VALUES(name), description = VALUES(description), activity_type = VALUES(activity_type), location = VALUES(location), duration_minutes = VALUES(duration_minutes), preferred_topics_json = VALUES(preferred_topics_json), required_affection = VALUES(required_affection), compatibility_bonus = VALUES(compatibility_bonus), sort_order = VALUES(sort_order);
INSERT INTO date_plans (date_plan_id, name, description, activity_type, location, duration_minutes, preferred_topics_json, required_affection, compatibility_bonus, sort_order) VALUES ('zero_g_sports', 'Zero-G Sports Arena', 'Play anti-gravity sports in a fun, competitive environment that tests coordination and trust.', 'adventurous', 'Zero Gravity Sports Complex', 90, '["competition","fun","physical prowess","teamwork"]', 10, 15, 5) ON DUPLICATE KEY UPDATE date_plan_id = VALUES(date_plan_id), name = VALUES(name), description = VALUES(description), activity_type = VALUES(activity_type), location = VALUES(location), duration_minutes = VALUES(duration_minutes), preferred_topics_json = VALUES(preferred_topics_json), required_affection = VALUES(required_affection), compatibility_bonus = VALUES(compatibility_bonus), sort_order = VALUES(sort_order);
INSERT INTO date_plans (date_plan_id, name, description, activity_type, location, duration_minutes, preferred_topics_json, required_affection, compatibility_bonus, sort_order) VALUES ('sunset_viewing', 'Binary Sunset Viewing', 'Watch the breathtaking binary sunset from the observation deck while sharing intimate conversation.', 'romantic', 'Sunset Observation Deck', 45, '["beauty","feelings","dreams","connection"]', 30, 30, 6) ON DUPLICATE KEY UPDATE date_plan_id = VALUES(date_plan_id), name = VALUES(name), description = VALUES(description), activity_type = VALUES(activity_type), location = VALUES(location), duration_minutes = VALUES(duration_minutes), preferred_topics_json = VALUES(preferred_topics_json), required_affection = VALUES(required_affection), compatibility_bonus = VALUES(compatibility_bonus), sort_order = VALUES(sort_order);
INSERT INTO date_plans (date_plan_id, name, description, activity_type, location, duration_minutes, preferred_topics_json, required_affection, compatibility_bonus, sort_order) VALUES ('starlight_dinner', 'Starlight Dinner', 'Enjoy a private dinner under the stars with cuisine from across the galaxy.', 'romantic', 'Starlight Dining Pavilion', 120, '["personal stories","culture","taste preferences","intimacy"]', 40, 35, 7) ON DUPLICATE KEY UPDATE date_plan_id = VALUES(date_plan_id), name = VALUES(name), description = VALUES(description), activity_type = VALUES(activity_type), location = VALUES(location), duration_minutes = VALUES(duration_minutes), preferred_topics_json = VALUES(preferred_topics_json), required_affection = VALUES(required_affection), compatibility_bonus = VALUES(compatibility_bonus), sort_order = VALUES(sort_order);
INSERT INTO date_plans (date_plan_id, name, description, activity_type, location, duration_minutes, preferred_topics_json, required_affection, compatibility_bonus, sort_order) VALUES ('garden_walk', 'Botanical Garden Stroll', 'Walk through exotic alien gardens, enjoying the beauty and serenity together.', 'romantic', 'Xeno-Botanical Gardens', 75, '["nature","beauty","growth","peace"]', 15, 20, 8) ON DUPLICATE KEY UPDATE date_plan_id = VALUES(date_plan_id), name = VALUES(name), description = VALUES(description), activity_type = VALUES(activity_type), location = VALUES(location), duration_minutes = VALUES(duration_minutes), preferred_topics_json = VALUES(preferred_topics_json), required_affection = VALUES(required_affection), compatibility_bonus = VALUES(compatibility_bonus), sort_order = VALUES(sort_order);
INSERT INTO date_plans (date_plan_id, name, description, activity_type, location, duration_minutes, preferred_topics_json, required_affection, compatibility_bonus, sort_order) VALUES ('art_gallery', 'Interspecies Art Gallery', 'Explore artistic expressions from different alien cultures, discussing creativity and meaning.', 'cultural', 'Galactic Arts Collective', 90, '["art","culture","expression","meaning"]', 10, 15, 9) ON DUPLICATE KEY UPDATE date_plan_id = VALUES(date_plan_id), name = VALUES(name), description = VALUES(description), activity_type = VALUES(activity_type), location = VALUES(location), duration_minutes = VALUES(duration_minutes), preferred_topics_json = VALUES(preferred_topics_json), required_affection = VALUES(required_affection), compatibility_bonus = VALUES(compatibility_bonus), sort_order = VALUES(sort_order);
INSERT INTO date_plans (date_plan_id, name, description, activity_type, location, duration_minutes, preferred_topics_json, required_affection, compatibility_bonus, sort_order) VALUES ('cultural_festival', 'Cultural Exchange Festival', 'Experience food, music, and traditions from various alien civilizations together.', 'cultural', 'Cultural Festival Grounds', 180, '["culture","tradition","celebration","diversity"]', 5, 10, 10) ON DUPLICATE KEY UPDATE date_plan_id = VALUES(date_plan_id), name = VALUES(name), description = VALUES(description), activity_type = VALUES(activity_type), location = VALUES(location), duration_minutes = VALUES(duration_minutes), preferred_topics_json = VALUES(preferred_topics_json), required_affection = VALUES(required_affection), compatibility_bonus = VALUES(compatibility_bonus), sort_order = VALUES(sort_order);
INSERT INTO date_plans (date_plan_id, name, description, activity_type, location, duration_minutes, preferred_topics_json, required_affection, compatibility_bonus, sort_order) VALUES ('music_concert', 'Harmonic Resonance Concert', 'Listen to music created by alien instruments and voices in perfect harmonic resonance.', 'cultural', 'Resonance Concert Hall', 105, '["music","harmony","emotion","art"]', 20, 25, 11) ON DUPLICATE KEY UPDATE date_plan_id = VALUES(date_plan_id), name = VALUES(name), description = VALUES(description), activity_type = VALUES(activity_type), location = VALUES(location), duration_minutes = VALUES(duration_minutes), preferred_topics_json = VALUES(preferred_topics_json), required_affection = VALUES(required_affection), compatibility_bonus = VALUES(compatibility_bonus), sort_order = VALUES(sort_order);
INSERT INTO date_plans (date_plan_id, name, description, activity_type, location, duration_minutes, preferred_topics_json, required_affection, compatibility_bonus, sort_order) VALUES ('meditation_center', 'Meditation Sanctuary', 'Find inner peace together in a tranquil meditation space designed for mental harmony.', 'relaxing', 'Universal Meditation Sanctuary', 60, '["peace","mindfulness","spirituality","connection"]', 20, 20, 12) ON DUPLICATE KEY UPDATE date_plan_id = VALUES(date_plan_id), name = VALUES(name), description = VALUES(description), activity_type = VALUES(activity_type), location = VALUES(location), duration_minutes = VALUES(duration_minutes), preferred_topics_json = VALUES(preferred_topics_json), required_affection = VALUES(required_affection), compatibility_bonus = VALUES(compatibility_bonus), sort_order = VALUES(sort_order);
INSERT INTO date_plans (date_plan_id, name, description, activity_type, location, duration_minutes, preferred_topics_json, required_affection, compatibility_bonus, sort_order) VALUES ('thermal_springs', 'Thermal Spring Retreat', 'Relax in natural thermal springs while enjoying peaceful conversation.', 'relaxing', 'Crystalline Thermal Springs', 90, '["relaxation","nature","wellness","comfort"]', 25, 25, 13) ON DUPLICATE KEY UPDATE date_plan_id = VALUES(date_plan_id), name = VALUES(name), description = VALUES(description), activity_type = VALUES(activity_type), location = VALUES(location), duration_minutes = VALUES(duration_minutes), preferred_topics_json = VALUES(preferred_topics_json), required_affection = VALUES(required_affection), compatibility_bonus = VALUES(compatibility_bonus), sort_order = VALUES(sort_order);
INSERT INTO date_plans (date_plan_id, name, description, activity_type, location, duration_minutes, preferred_topics_json, required_affection, compatibility_bonus, sort_order) VALUES ('game_arcade', 'Galactic Game Arcade', 'Play interactive games from different alien cultures, competing and cooperating.', 'social', 'Multi-Species Game Arcade', 120, '["fun","competition","games","strategy"]', 5, 10, 14) ON DUPLICATE KEY UPDATE date_plan_id = VALUES(date_plan_id), name = VALUES(name), description = VALUES(description), activity_type = VALUES(activity_type), location = VALUES(location), duration_minutes = VALUES(duration_minutes), preferred_topics_json = VALUES(preferred_topics_json), required_affection = VALUES(required_affection), compatibility_bonus = VALUES(compatibility_bonus), sort_order = VALUES(sort_order);
INSERT INTO date_plans (date_plan_id, name, description, activity_type, location, duration_minutes, preferred_topics_json, required_affection, compatibility_bonus, sort_order) VALUES ('social_mixer', 'Interspecies Social Mixer', 'Meet other beings at a casual social gathering with your date by your side.', 'social', 'Social Hub Commons', 150, '["socializing","community","networking","friendship"]', 15, 15, 15) ON DUPLICATE KEY UPDATE date_plan_id = VALUES(date_plan_id), name = VALUES(name), description = VALUES(description), activity_type = VALUES(activity_type), location = VALUES(location), duration_minutes = VALUES(duration_minutes), preferred_topics_json = VALUES(preferred_topics_json), required_affection = VALUES(required_affection), compatibility_bonus = VALUES(compatibility_bonus), sort_order = VALUES(sort_order);
INSERT INTO date_plans (date_plan_id, name, description, activity_type, location, duration_minutes, preferred_topics_json, required_affection, compatibility_bonus, sort_order) VALUES ('art_creation', 'Collaborative Art Creation', 'Create a piece of art together using materials and techniques from both your cultures.', 'creative', 'Creative Arts Workshop', 135, '["creativity","collaboration","expression","imagination"]', 25, 30, 16) ON DUPLICATE KEY UPDATE date_plan_id = VALUES(date_plan_id), name = VALUES(name), description = VALUES(description), activity_type = VALUES(activity_type), location = VALUES(location), duration_minutes = VALUES(duration_minutes), preferred_topics_json = VALUES(preferred_topics_json), required_affection = VALUES(required_affection), compatibility_bonus = VALUES(compatibility_bonus), sort_order = VALUES(sort_order);
INSERT INTO date_plans (date_plan_id, name, description, activity_type, location, duration_minutes, preferred_topics_json, required_affection, compatibility_bonus, sort_order) VALUES ('cooking_class', 'Interspecies Cooking Class', 'Learn to prepare dishes from each other''s cultures in a fun, hands-on cooking experience.', 'creative', 'Culinary Fusion Kitchen', 120, '["culture","taste","tradition","sharing"]', 15, 20, 17) ON DUPLICATE KEY UPDATE date_plan_id = VALUES(date_plan_id), name = VALUES(name), description = VALUES(description), activity_type = VALUES(activity_type), location = VALUES(location), duration_minutes = VALUES(duration_minutes), preferred_topics_json = VALUES(preferred_topics_json), required_affection = VALUES(required_affection), compatibility_bonus = VALUES(compatibility_bonus), sort_order = VALUES(sort_order);
INSERT INTO date_plans (date_plan_id, name, description, activity_type, location, duration_minutes, preferred_topics_json, required_affection, compatibility_bonus, sort_order) VALUES ('music_creation', 'Musical Collaboration', 'Create music together using instruments from both your species, finding harmony.', 'creative', 'Harmonic Music Studio', 90, '["music","harmony","creativity","emotion"]', 30, 35, 18) ON DUPLICATE KEY UPDATE date_plan_id = VALUES(date_plan_id), name = VALUES(name), description = VALUES(description), activity_type = VALUES(activity_type), location = VALUES(location), duration_minutes = VALUES(duration_minutes), preferred_topics_json = VALUES(preferred_topics_json), required_affection = VALUES(required_affection), compatibility_bonus = VALUES(compatibility_bonus), sort_order = VALUES(sort_order);
INSERT INTO activities (activity_id, activity_type, name, description, reward, category, stat_bonus_json, energy_cost, time_slots, sort_order) VALUES ('work', 'weekly', 'Work Assignment', 'Complete your duties aboard the station', '+1 Random Stat, +50 Credits', 'social', '{"charisma":1}', NULL, NULL, 0) ON DUPLICATE KEY UPDATE activity_id = VALUES(activity_id), activity_type = VALUES(activity_type), name = VALUES(name), description = VALUES(description), reward = VALUES(reward), category = VALUES(category), stat_bonus_json = VALUES(stat_bonus_json), energy_cost = VALUES(energy_cost), time_slots = VALUES(time_slots), sort_order = VALUES(sort_order);
INSERT INTO activities (activity_id, activity_type, name, description, reward, category, stat_bonus_json, energy_cost, time_slots, sort_order) VALUES ('social', 'weekly', 'Social Event', 'Attend a diplomatic gathering', '+1 Charisma, Meet characters', 'social', '{"charisma":1}', NULL, NULL, 1) ON DUPLICATE KEY UPDATE activity_id = VALUES(activity_id), activity_type = VALUES(activity_type), name = VALUES(name), description = VALUES(description), reward = VALUES(reward), category = VALUES(category), stat_bonus_json = VALUES(stat_bonus_json), energy_cost = VALUES(energy_cost), time_slots = VALUES(time_slots), sort_order = VALUES(sort_order);
INSERT INTO activities (activity_id, activity_type, name, description, reward, category, stat_bonus_json, energy_cost, time_slots, sort_order) VALUES ('research', 'weekly', 'Research Project', 'Assist with scientific studies', '+2 Intelligence, +1 Technology', 'exploration', '{"intelligence":2,"technology":1}', NULL, NULL, 2) ON DUPLICATE KEY UPDATE activity_id = VALUES(activity_id), activity_type = VALUES(activity_type), name = VALUES(name), description = VALUES(description), reward = VALUES(reward), category = VALUES(category), stat_bonus_json = VALUES(stat_bonus_json), energy_cost = VALUES(energy_cost), time_slots = VALUES(time_slots), sort_order = VALUES(sort_order);
INSERT INTO activities (activity_id, activity_type, name, description, reward, category, stat_bonus_json, energy_cost, time_slots, sort_order) VALUES ('exploration', 'weekly', 'Exploration Mission', 'Survey nearby star systems', '+2 Adventure, Rare items', 'exploration', '{"adventure":2}', NULL, NULL, 3) ON DUPLICATE KEY UPDATE activity_id = VALUES(activity_id), activity_type = VALUES(activity_type), name = VALUES(name), description = VALUES(description), reward = VALUES(reward), category = VALUES(category), stat_bonus_json = VALUES(stat_bonus_json), energy_cost = VALUES(energy_cost), time_slots = VALUES(time_slots), sort_order = VALUES(sort_order);
INSERT INTO activities (activity_id, activity_type, name, description, reward, category, stat_bonus_json, energy_cost, time_slots, sort_order) VALUES ('meditation', 'weekly', 'Meditation Retreat', 'Focus on inner balance and understanding', '+2 Empathy, +1 Charisma', 'personal', '{"empathy":2,"charisma":1}', NULL, NULL, 4) ON DUPLICATE KEY UPDATE activity_id = VALUES(activity_id), activity_type = VALUES(activity_type), name = VALUES(name), description = VALUES(description), reward = VALUES(reward), category = VALUES(category), stat_bonus_json = VALUES(stat_bonus_json), energy_cost = VALUES(energy_cost), time_slots = VALUES(time_slots), sort_order = VALUES(sort_order);
INSERT INTO activities (activity_id, activity_type, name, description, reward, category, stat_bonus_json, energy_cost, time_slots, sort_order) VALUES ('training', 'weekly', 'Skills Training', 'Improve your abilities', '+1 to chosen stat', 'personal', '{"charisma":1}', NULL, NULL, 5) ON DUPLICATE KEY UPDATE activity_id = VALUES(activity_id), activity_type = VALUES(activity_type), name = VALUES(name), description = VALUES(description), reward = VALUES(reward), category = VALUES(category), stat_bonus_json = VALUES(stat_bonus_json), energy_cost = VALUES(energy_cost), time_slots = VALUES(time_slots), sort_order = VALUES(sort_order);
INSERT INTO activities (activity_id, activity_type, name, description, reward, category, stat_bonus_json, energy_cost, time_slots, sort_order) VALUES ('gym', 'daily', 'Physical Training', 'Build strength and improve your physical condition', '+1 Charisma, +1 Adventure', 'fitness', '{"charisma":1,"adventure":1}', 2, 1, 6) ON DUPLICATE KEY UPDATE activity_id = VALUES(activity_id), activity_type = VALUES(activity_type), name = VALUES(name), description = VALUES(description), reward = VALUES(reward), category = VALUES(category), stat_bonus_json = VALUES(stat_bonus_json), energy_cost = VALUES(energy_cost), time_slots = VALUES(time_slots), sort_order = VALUES(sort_order);
INSERT INTO activities (activity_id, activity_type, name, description, reward, category, stat_bonus_json, energy_cost, time_slots, sort_order) VALUES ('study', 'daily', 'Technical Studies', 'Learn about alien technology and scientific principles', '+2 Intelligence, +1 Technology', 'study', '{"intelligence":2,"technology":1}', 2, 1, 7) ON DUPLICATE KEY UPDATE activity_id = VALUES(activity_id), activity_type = VALUES(activity_type), name = VALUES(name), description = VALUES(description), reward = VALUES(reward), category = VALUES(category), stat_bonus_json = VALUES(stat_bonus_json), energy_cost = VALUES(energy_cost), time_slots = VALUES(time_slots), sort_order = VALUES(sort_order);
INSERT INTO activities (activity_id, activity_type, name, description, reward, category, stat_bonus_json, energy_cost, time_slots, sort_order) VALUES ('diplomacy', 'daily', 'Diplomatic Practice', 'Practice negotiation and social skills', '+2 Charisma, +1 Empathy', 'social', '{"charisma":2,"empathy":1}', 1, 1, 8) ON DUPLICATE KEY UPDATE activity_id = VALUES(activity_id), activity_type = VALUES(activity_type), name = VALUES(name), description = VALUES(description), reward = VALUES(reward), category = VALUES(category), stat_bonus_json = VALUES(stat_bonus_json), energy_cost = VALUES(energy_cost), time_slots = VALUES(time_slots), sort_order = VALUES(sort_order);
INSERT INTO activities (activity_id, activity_type, name, description, reward, category, stat_bonus_json, energy_cost, time_slots, sort_order) VALUES ('meditation', 'daily', 'Mindfulness Training', 'Center yourself and improve emotional intelligence', '+2 Empathy, +1 Charisma', 'personal', '{"empathy":2,"charisma":1}', 1, 1, 9) ON DUPLICATE KEY UPDATE activity_id = VALUES(activity_id), activity_type = VALUES(activity_type), name = VALUES(name), description = VALUES(description), reward = VALUES(reward), category = VALUES(category), stat_bonus_json = VALUES(stat_bonus_json), energy_cost = VALUES(energy_cost), time_slots = VALUES(time_slots), sort_order = VALUES(sort_order);
INSERT INTO activities (activity_id, activity_type, name, description, reward, category, stat_bonus_json, energy_cost, time_slots, sort_order) VALUES ('workshop', 'daily', 'Engineering Workshop', 'Tinker with technology and improve your technical skills', '+2 Technology, +1 Intelligence', 'study', '{"technology":2,"intelligence":1}', 2, 1, 10) ON DUPLICATE KEY UPDATE activity_id = VALUES(activity_id), activity_type = VALUES(activity_type), name = VALUES(name), description = VALUES(description), reward = VALUES(reward), category = VALUES(category), stat_bonus_json = VALUES(stat_bonus_json), energy_cost = VALUES(energy_cost), time_slots = VALUES(time_slots), sort_order = VALUES(sort_order);
INSERT INTO activities (activity_id, activity_type, name, description, reward, category, stat_bonus_json, energy_cost, time_slots, sort_order) VALUES ('simulator', 'daily', 'Adventure Simulation', 'Practice dangerous scenarios in a safe environment', '+2 Adventure, +1 Technology', 'leisure', '{"adventure":2,"technology":1}', 2, 1, 11) ON DUPLICATE KEY UPDATE activity_id = VALUES(activity_id), activity_type = VALUES(activity_type), name = VALUES(name), description = VALUES(description), reward = VALUES(reward), category = VALUES(category), stat_bonus_json = VALUES(stat_bonus_json), energy_cost = VALUES(energy_cost), time_slots = VALUES(time_slots), sort_order = VALUES(sort_order);
INSERT INTO activities (activity_id, activity_type, name, description, reward, category, stat_bonus_json, energy_cost, time_slots, sort_order) VALUES ('social_hour', 'daily', 'Casual Socializing', 'Spend time in common areas meeting people', '+1 Charisma, Chance to discover events', 'social', '{"charisma":1}', 1, 1, 12) ON DUPLICATE KEY UPDATE activity_id = VALUES(activity_id), activity_type = VALUES(activity_type), name = VALUES(name), description = VALUES(description), reward = VALUES(reward), category = VALUES(category), stat_bonus_json = VALUES(stat_bonus_json), energy_cost = VALUES(energy_cost), time_slots = VALUES(time_slots), sort_order = VALUES(sort_order);
INSERT INTO activities (activity_id, activity_type, name, description, reward, category, stat_bonus_json, energy_cost, time_slots, sort_order) VALUES ('research', 'daily', 'Personal Research', 'Study alien cultures and improve your understanding', '+1 Intelligence, +1 Empathy', 'study', '{"intelligence":1,"empathy":1}', 1, 1, 13) ON DUPLICATE KEY UPDATE activity_id = VALUES(activity_id), activity_type = VALUES(activity_type), name = VALUES(name), description = VALUES(description), reward = VALUES(reward), category = VALUES(category), stat_bonus_json = VALUES(stat_bonus_json), energy_cost = VALUES(energy_cost), time_slots = VALUES(time_slots), sort_order = VALUES(sort_order);
INSERT INTO achievements (achievement_id, name, description, icon, category, condition_json, reward_json, sort_order) VALUES ('first_meeting', 'First Contact', 'Have your first conversation with any character', '👋', 'relationship', '{"type":"conversation_count","target":1}', 'null', 0) ON DUPLICATE KEY UPDATE achievement_id = VALUES(achievement_id), name = VALUES(name), description = VALUES(description), icon = VALUES(icon), category = VALUES(category), condition_json = VALUES(condition_json), reward_json = VALUES(reward_json), sort_order = VALUES(sort_order);
INSERT INTO achievements (achievement_id, name, description, icon, category, condition_json, reward_json, sort_order) VALUES ('friend_zone', 'Making Friends', 'Reach 25 affection with any character', '🤝', 'relationship', '{"type":"affection","target":25}', 'null', 1) ON DUPLICATE KEY UPDATE achievement_id = VALUES(achievement_id), name = VALUES(name), description = VALUES(description), icon = VALUES(icon), category = VALUES(category), condition_json = VALUES(condition_json), reward_json = VALUES(reward_json), sort_order = VALUES(sort_order);
INSERT INTO achievements (achievement_id, name, description, icon, category, condition_json, reward_json, sort_order) VALUES ('romantic_interest', 'Romantic Interest', 'Reach 50 affection with any character', '💕', 'relationship', '{"type":"affection","target":50}', 'null', 2) ON DUPLICATE KEY UPDATE achievement_id = VALUES(achievement_id), name = VALUES(name), description = VALUES(description), icon = VALUES(icon), category = VALUES(category), condition_json = VALUES(condition_json), reward_json = VALUES(reward_json), sort_order = VALUES(sort_order);
INSERT INTO achievements (achievement_id, name, description, icon, category, condition_json, reward_json, sort_order) VALUES ('deep_connection', 'Deep Connection', 'Reach 75 affection with any character', '💖', 'relationship', '{"type":"affection","target":75}', 'null', 3) ON DUPLICATE KEY UPDATE achievement_id = VALUES(achievement_id), name = VALUES(name), description = VALUES(description), icon = VALUES(icon), category = VALUES(category), condition_json = VALUES(condition_json), reward_json = VALUES(reward_json), sort_order = VALUES(sort_order);
INSERT INTO achievements (achievement_id, name, description, icon, category, condition_json, reward_json, sort_order) VALUES ('true_love', 'True Love', 'Reach 100 affection with any character', '💗', 'relationship', '{"type":"affection","target":100}', '{"type":"photo","id":"legendary_photo","description":"Unlock a special legendary photo"}', 4) ON DUPLICATE KEY UPDATE achievement_id = VALUES(achievement_id), name = VALUES(name), description = VALUES(description), icon = VALUES(icon), category = VALUES(category), condition_json = VALUES(condition_json), reward_json = VALUES(reward_json), sort_order = VALUES(sort_order);
INSERT INTO achievements (achievement_id, name, description, icon, category, condition_json, reward_json, sort_order) VALUES ('nature_lover', 'Nature Lover', 'Reach 50 affection with Zara''thul', '🌿', 'relationship', '{"type":"affection","target":50,"characterId":"zarath"}', '{"type":"dialogue_option","id":"nature_wisdom","description":"Unlock special nature-themed conversations"}', 5) ON DUPLICATE KEY UPDATE achievement_id = VALUES(achievement_id), name = VALUES(name), description = VALUES(description), icon = VALUES(icon), category = VALUES(category), condition_json = VALUES(condition_json), reward_json = VALUES(reward_json), sort_order = VALUES(sort_order);
INSERT INTO achievements (achievement_id, name, description, icon, category, condition_json, reward_json, sort_order) VALUES ('space_explorer', 'Space Explorer', 'Reach 50 affection with Captain Vel''nari', '🚀', 'relationship', '{"type":"affection","target":50,"characterId":"velnari"}', '{"type":"date_plan","id":"exclusive_nebula_tour","description":"Unlock exclusive space exploration dates"}', 6) ON DUPLICATE KEY UPDATE achievement_id = VALUES(achievement_id), name = VALUES(name), description = VALUES(description), icon = VALUES(icon), category = VALUES(category), condition_json = VALUES(condition_json), reward_json = VALUES(reward_json), sort_order = VALUES(sort_order);
INSERT INTO achievements (achievement_id, name, description, icon, category, condition_json, reward_json, sort_order) VALUES ('ocean_depths', 'Ocean Depths', 'Reach 50 affection with Dr. Keth''ra', '🌊', 'relationship', '{"type":"affection","target":50,"characterId":"kethra"}', '{"type":"photo","id":"underwater_paradise","description":"Unlock exclusive underwater photos"}', 7) ON DUPLICATE KEY UPDATE achievement_id = VALUES(achievement_id), name = VALUES(name), description = VALUES(description), icon = VALUES(icon), category = VALUES(category), condition_json = VALUES(condition_json), reward_json = VALUES(reward_json), sort_order = VALUES(sort_order);
INSERT INTO achievements (achievement_id, name, description, icon, category, condition_json, reward_json, sort_order) VALUES ('warrior_bond', 'Warrior''s Bond', 'Reach 50 affection with Commander Ryx''tal', '⚔️', 'relationship', '{"type":"affection","target":50,"characterId":"ryxtal"}', '{"type":"dialogue_option","id":"honor_code","description":"Learn about ancient warrior traditions"}', 8) ON DUPLICATE KEY UPDATE achievement_id = VALUES(achievement_id), name = VALUES(name), description = VALUES(description), icon = VALUES(icon), category = VALUES(category), condition_json = VALUES(condition_json), reward_json = VALUES(reward_json), sort_order = VALUES(sort_order);
INSERT INTO achievements (achievement_id, name, description, icon, category, condition_json, reward_json, sort_order) VALUES ('empathic_connection', 'Empathic Connection', 'Reach 50 affection with Sage Mor''geth', '🧠', 'relationship', '{"type":"affection","target":50,"characterId":"morgeth"}', '{"type":"photo","id":"collective_consciousness","description":"Unlock empathic art photos"}', 9) ON DUPLICATE KEY UPDATE achievement_id = VALUES(achievement_id), name = VALUES(name), description = VALUES(description), icon = VALUES(icon), category = VALUES(category), condition_json = VALUES(condition_json), reward_json = VALUES(reward_json), sort_order = VALUES(sort_order);
INSERT INTO achievements (achievement_id, name, description, icon, category, condition_json, reward_json, sort_order) VALUES ('tech_harmony', 'Technological Harmony', 'Reach 50 affection with Engineer Thex''ik', '⚙️', 'relationship', '{"type":"affection","target":50,"characterId":"thexik"}', '{"type":"date_plan","id":"quantum_workshop","description":"Unlock advanced technology dates"}', 10) ON DUPLICATE KEY UPDATE achievement_id = VALUES(achievement_id), name = VALUES(name), description = VALUES(description), icon = VALUES(icon), category = VALUES(category), condition_json = VALUES(condition_json), reward_json = VALUES(reward_json), sort_order = VALUES(sort_order);
INSERT INTO achievements (achievement_id, name, description, icon, category, condition_json, reward_json, sort_order) VALUES ('first_date', 'First Date', 'Successfully complete your first planned date', '🌹', 'dating', '{"type":"date_count","target":1}', 'null', 11) ON DUPLICATE KEY UPDATE achievement_id = VALUES(achievement_id), name = VALUES(name), description = VALUES(description), icon = VALUES(icon), category = VALUES(category), condition_json = VALUES(condition_json), reward_json = VALUES(reward_json), sort_order = VALUES(sort_order);
INSERT INTO achievements (achievement_id, name, description, icon, category, condition_json, reward_json, sort_order) VALUES ('serial_dater', 'Serial Dater', 'Complete 10 successful dates', '💐', 'dating', '{"type":"date_count","target":10}', 'null', 12) ON DUPLICATE KEY UPDATE achievement_id = VALUES(achievement_id), name = VALUES(name), description = VALUES(description), icon = VALUES(icon), category = VALUES(category), condition_json = VALUES(condition_json), reward_json = VALUES(reward_json), sort_order = VALUES(sort_order);
INSERT INTO achievements (achievement_id, name, description, icon, category, condition_json, reward_json, sort_order) VALUES ('romantic_master', 'Romantic Master', 'Complete 25 successful dates', '👑', 'dating', '{"type":"date_count","target":25}', '{"type":"cosmetic","id":"romantic_title","description":"Earn the \\"Galactic Romantic\\" title"}', 13) ON DUPLICATE KEY UPDATE achievement_id = VALUES(achievement_id), name = VALUES(name), description = VALUES(description), icon = VALUES(icon), category = VALUES(category), condition_json = VALUES(condition_json), reward_json = VALUES(reward_json), sort_order = VALUES(sort_order);
INSERT INTO achievements (achievement_id, name, description, icon, category, condition_json, reward_json, sort_order) VALUES ('social_butterfly', 'Social Butterfly', 'Have 50 conversations across all characters', '🦋', 'conversation', '{"type":"conversation_count","target":50}', 'null', 14) ON DUPLICATE KEY UPDATE achievement_id = VALUES(achievement_id), name = VALUES(name), description = VALUES(description), icon = VALUES(icon), category = VALUES(category), condition_json = VALUES(condition_json), reward_json = VALUES(reward_json), sort_order = VALUES(sort_order);
INSERT INTO achievements (achievement_id, name, description, icon, category, condition_json, reward_json, sort_order) VALUES ('master_conversationalist', 'Master Conversationalist', 'Have 100 conversations across all characters', '🎭', 'conversation', '{"type":"conversation_count","target":100}', '{"type":"dialogue_option","id":"master_charm","description":"Unlock special charm dialogue options"}', 15) ON DUPLICATE KEY UPDATE achievement_id = VALUES(achievement_id), name = VALUES(name), description = VALUES(description), icon = VALUES(icon), category = VALUES(category), condition_json = VALUES(condition_json), reward_json = VALUES(reward_json), sort_order = VALUES(sort_order);
INSERT INTO achievements (achievement_id, name, description, icon, category, condition_json, reward_json, sort_order) VALUES ('photo_collector', 'Photo Collector', 'Unlock 10 character photos', '📸', 'collection', '{"type":"photo_unlock","target":10}', 'null', 16) ON DUPLICATE KEY UPDATE achievement_id = VALUES(achievement_id), name = VALUES(name), description = VALUES(description), icon = VALUES(icon), category = VALUES(category), condition_json = VALUES(condition_json), reward_json = VALUES(reward_json), sort_order = VALUES(sort_order);
INSERT INTO achievements (achievement_id, name, description, icon, category, condition_json, reward_json, sort_order) VALUES ('memory_keeper', 'Memory Keeper', 'Unlock 25 character photos', '📚', 'collection', '{"type":"photo_unlock","target":25}', 'null', 17) ON DUPLICATE KEY UPDATE achievement_id = VALUES(achievement_id), name = VALUES(name), description = VALUES(description), icon = VALUES(icon), category = VALUES(category), condition_json = VALUES(condition_json), reward_json = VALUES(reward_json), sort_order = VALUES(sort_order);
INSERT INTO achievements (achievement_id, name, description, icon, category, condition_json, reward_json, sort_order) VALUES ('legendary_collector', 'Legendary Collector', 'Unlock all legendary photos', '🏆', 'collection', '{"type":"photo_unlock","target":6}', '{"type":"cosmetic","id":"collector_badge","description":"Exclusive collector badge"}', 18) ON DUPLICATE KEY UPDATE achievement_id = VALUES(achievement_id), name = VALUES(name), description = VALUES(description), icon = VALUES(icon), category = VALUES(category), condition_json = VALUES(condition_json), reward_json = VALUES(reward_json), sort_order = VALUES(sort_order);
INSERT INTO achievements (achievement_id, name, description, icon, category, condition_json, reward_json, sort_order) VALUES ('perfect_match', 'Perfect Match', 'Achieve 90%+ compatibility with any character', '✨', 'mastery', '{"type":"compatibility","target":90}', 'null', 19) ON DUPLICATE KEY UPDATE achievement_id = VALUES(achievement_id), name = VALUES(name), description = VALUES(description), icon = VALUES(icon), category = VALUES(category), condition_json = VALUES(condition_json), reward_json = VALUES(reward_json), sort_order = VALUES(sort_order);
INSERT INTO achievements (achievement_id, name, description, icon, category, condition_json, reward_json, sort_order) VALUES ('universal_charm', 'Universal Charm', 'Achieve 70%+ compatibility with all characters', '🌟', 'mastery', '{"type":"compatibility","target":70}', '{"type":"cosmetic","id":"universal_charm_title","description":"Earn the \\"Universal Charmer\\" title"}', 20) ON DUPLICATE KEY UPDATE achievement_id = VALUES(achievement_id), name = VALUES(name), description = VALUES(description), icon = VALUES(icon), category = VALUES(category), condition_json = VALUES(condition_json), reward_json = VALUES(reward_json), sort_order = VALUES(sort_order);
INSERT INTO achievements (achievement_id, name, description, icon, category, condition_json, reward_json, sort_order) VALUES ('milestone_hunter', 'Milestone Hunter', 'Unlock 10 relationship milestones', '🎯', 'relationship', '{"type":"milestone","target":10}', 'null', 21) ON DUPLICATE KEY UPDATE achievement_id = VALUES(achievement_id), name = VALUES(name), description = VALUES(description), icon = VALUES(icon), category = VALUES(category), condition_json = VALUES(condition_json), reward_json = VALUES(reward_json), sort_order = VALUES(sort_order);
INSERT INTO achievements (achievement_id, name, description, icon, category, condition_json, reward_json, sort_order) VALUES ('relationship_expert', 'Relationship Expert', 'Unlock all milestones with any character', '💎', 'relationship', '{"type":"milestone","target":6}', '{"type":"photo","id":"relationship_master","description":"Unlock exclusive relationship expert photo"}', 22) ON DUPLICATE KEY UPDATE achievement_id = VALUES(achievement_id), name = VALUES(name), description = VALUES(description), icon = VALUES(icon), category = VALUES(category), condition_json = VALUES(condition_json), reward_json = VALUES(reward_json), sort_order = VALUES(sort_order);
INSERT INTO achievements (achievement_id, name, description, icon, category, condition_json, reward_json, sort_order) VALUES ('galactic_explorer', 'Galactic Explorer', 'Visit all available date locations', '🗺️', 'exploration', '{"type":"date_count","target":15}', 'null', 23) ON DUPLICATE KEY UPDATE achievement_id = VALUES(achievement_id), name = VALUES(name), description = VALUES(description), icon = VALUES(icon), category = VALUES(category), condition_json = VALUES(condition_json), reward_json = VALUES(reward_json), sort_order = VALUES(sort_order);
INSERT INTO storylines (storyline_id, character_id, required_affection, title, description, dialogue, sort_order) VALUES ('kyrathen_story_1', 'kyrathen', 15, 'The Weight of Leadership', 'Kyra''then opens up about the challenges of uniting the sky tribes.', '*Kyra''then gazes toward the horizon, his feathers ruffled by an unseen burden* You know, bringing the tribes together... it wasn''t just about strategy. Each clan had lost so much to conflict. I had to prove that unity didn''t mean losing their identity.', 0) ON DUPLICATE KEY UPDATE storyline_id = VALUES(storyline_id), character_id = VALUES(character_id), required_affection = VALUES(required_affection), title = VALUES(title), description = VALUES(description), dialogue = VALUES(dialogue), sort_order = VALUES(sort_order);
INSERT INTO storylines (storyline_id, character_id, required_affection, title, description, dialogue, sort_order) VALUES ('kyrathen_story_2', 'kyrathen', 35, 'The Sacred Flight', 'Kyra''then shares the significance of the ancient flight ceremonies.', '*His eyes gleam with ancient memory* There is a ritual... the Sacred Flight. When two souls wish to bond, they dance together among the clouds. It''s said that if their hearts truly match, the wind itself will carry them as one. I... I haven''t performed this ritual in many years.', 1) ON DUPLICATE KEY UPDATE storyline_id = VALUES(storyline_id), character_id = VALUES(character_id), required_affection = VALUES(required_affection), title = VALUES(title), description = VALUES(description), dialogue = VALUES(dialogue), sort_order = VALUES(sort_order);
INSERT INTO storylines (storyline_id, character_id, required_affection, title, description, dialogue, sort_order) VALUES ('kyrathen_story_3', 'kyrathen', 60, 'The Chieftain''s Heart', 'Kyra''then reveals his deepest fears about love and leadership.', '*He spreads his wings protectively around you both* I''ve always believed a leader must sacrifice personal happiness for their people. But with you... I wonder if perhaps love and duty can coexist. You make me want to be more than just a chieftain.', 2) ON DUPLICATE KEY UPDATE storyline_id = VALUES(storyline_id), character_id = VALUES(character_id), required_affection = VALUES(required_affection), title = VALUES(title), description = VALUES(description), dialogue = VALUES(dialogue), sort_order = VALUES(sort_order);
INSERT INTO storylines (storyline_id, character_id, required_affection, title, description, dialogue, sort_order) VALUES ('seraphina_story_1', 'seraphina', 20, 'The Burden of Sight', 'Seraphina reveals the cost of her prophetic abilities.', '*Her ethereal form flickers with melancholy* To see across dimensions is both blessing and curse. I''ve witnessed countless possible futures... some filled with joy, others with sorrow. Sometimes I wonder if it''s better to live without knowing what may come.', 3) ON DUPLICATE KEY UPDATE storyline_id = VALUES(storyline_id), character_id = VALUES(character_id), required_affection = VALUES(required_affection), title = VALUES(title), description = VALUES(description), dialogue = VALUES(dialogue), sort_order = VALUES(sort_order);
INSERT INTO storylines (storyline_id, character_id, required_affection, title, description, dialogue, sort_order) VALUES ('seraphina_story_2', 'seraphina', 40, 'The Dimensional Garden', 'Seraphina shows you a sacred place between worlds.', '*She extends her luminous hand* Come with me to a place between dimensions. There, in the Void Garden, time moves differently. We can experience lifetimes together in moments, or single heartbeats that last eternities.', 4) ON DUPLICATE KEY UPDATE storyline_id = VALUES(storyline_id), character_id = VALUES(character_id), required_affection = VALUES(required_affection), title = VALUES(title), description = VALUES(description), dialogue = VALUES(dialogue), sort_order = VALUES(sort_order);
INSERT INTO storylines (storyline_id, character_id, required_affection, title, description, dialogue, sort_order) VALUES ('kronos_story_1', 'kronos', 18, 'The Neural Paradox', 'Kronos reveals a fascinating contradiction in his enhanced consciousness.', '*Kronos gestures to his complex neural interfaces* You know, for all my enhancements and multiple processing cores, the most complex puzzle remains unsolved: emotion. Logic tells me love is merely neurochemical cascades, yet... when I''m with you, I feel something beyond data.', 5) ON DUPLICATE KEY UPDATE storyline_id = VALUES(storyline_id), character_id = VALUES(character_id), required_affection = VALUES(required_affection), title = VALUES(title), description = VALUES(description), dialogue = VALUES(dialogue), sort_order = VALUES(sort_order);
INSERT INTO storylines (storyline_id, character_id, required_affection, title, description, dialogue, sort_order) VALUES ('kronos_story_2', 'kronos', 35, 'The Consciousness Experiment', 'Kronos proposes a groundbreaking experiment in shared consciousness.', '*His neural implants pulse with excitement* I''ve been developing something unprecedented... a temporary consciousness bridge. Two minds sharing experiences directly, feeling what the other feels. It''s never been tested between species. Would you... would you be willing to be my first?', 6) ON DUPLICATE KEY UPDATE storyline_id = VALUES(storyline_id), character_id = VALUES(character_id), required_affection = VALUES(required_affection), title = VALUES(title), description = VALUES(description), dialogue = VALUES(dialogue), sort_order = VALUES(sort_order);
INSERT INTO storylines (storyline_id, character_id, required_affection, title, description, dialogue, sort_order) VALUES ('kronos_story_3', 'kronos', 55, 'The Enhanced Heart', 'Kronos makes a profound discovery about the nature of love and enhancement.', '*After the consciousness bridge experience, Kronos'' multiple neural cores pulse in perfect harmony* Remarkable... when our minds touched, I experienced something my enhancements never accounted for. Love isn''t a limitation of biological consciousness—it''s the ultimate enhancement. It makes us more than the sum of our neural networks.', 7) ON DUPLICATE KEY UPDATE storyline_id = VALUES(storyline_id), character_id = VALUES(character_id), required_affection = VALUES(required_affection), title = VALUES(title), description = VALUES(description), dialogue = VALUES(dialogue), sort_order = VALUES(sort_order);
INSERT INTO storylines (storyline_id, character_id, required_affection, title, description, dialogue, sort_order) VALUES ('thessarian_story_1', 'thessarian', 16, 'The Genetic Compatibility Question', 'Thessarian reveals a personal project involving cross-species relationships.', '*Dr. Thessarian''s bio-luminescent markings pulse thoughtfully* I''ve been analyzing something fascinating... the genetic and biological compatibility between different species. Specifically, I''ve been studying... us. The data suggests remarkable adaptive potential.', 8) ON DUPLICATE KEY UPDATE storyline_id = VALUES(storyline_id), character_id = VALUES(character_id), required_affection = VALUES(required_affection), title = VALUES(title), description = VALUES(description), dialogue = VALUES(dialogue), sort_order = VALUES(sort_order);
INSERT INTO storylines (storyline_id, character_id, required_affection, title, description, dialogue, sort_order) VALUES ('thessarian_story_2', 'thessarian', 38, 'The Symbiosis Experiment', 'Thessarian proposes an unprecedented biological enhancement.', '*Their excitement is barely contained* I''ve developed a temporary symbiotic enhancement... it would allow us to share biological processes, feel each other''s heartbeats, synchronized breathing. It''s never been tested between our species. Would you trust me enough to try?', 9) ON DUPLICATE KEY UPDATE storyline_id = VALUES(storyline_id), character_id = VALUES(character_id), required_affection = VALUES(required_affection), title = VALUES(title), description = VALUES(description), dialogue = VALUES(dialogue), sort_order = VALUES(sort_order);
INSERT INTO storylines (storyline_id, character_id, required_affection, title, description, dialogue, sort_order) VALUES ('thessarian_story_3', 'thessarian', 58, 'The Perfect Adaptation', 'Thessarian makes a profound discovery about love and evolution.', '*After the symbiosis experience, their bio-markings pulse in perfect harmony* Remarkable... the data shows something I never expected. Love isn''t just compatible across species—it actively enhances biological adaptation. We''re not just two beings coexisting; we''re evolving together into something new.', 10) ON DUPLICATE KEY UPDATE storyline_id = VALUES(storyline_id), character_id = VALUES(character_id), required_affection = VALUES(required_affection), title = VALUES(title), description = VALUES(description), dialogue = VALUES(dialogue), sort_order = VALUES(sort_order);
INSERT INTO storylines (storyline_id, character_id, required_affection, title, description, dialogue, sort_order) VALUES ('lyralynn_story_1', 'lyralynn', 14, 'The Wounded Heart', 'Lyralynn reveals a past trauma affecting her ability to connect.', '*Lyralynn''s petals droop slightly* I must tell you something... I once loved deeply, but they couldn''t understand my connection to the plant world. They called it unnatural, said I loved the garden more than them. The pain... it made my roots grow inward, protecting my heart like thorns.', 11) ON DUPLICATE KEY UPDATE storyline_id = VALUES(storyline_id), character_id = VALUES(character_id), required_affection = VALUES(required_affection), title = VALUES(title), description = VALUES(description), dialogue = VALUES(dialogue), sort_order = VALUES(sort_order);
INSERT INTO storylines (storyline_id, character_id, required_affection, title, description, dialogue, sort_order) VALUES ('lyralynn_story_2', 'lyralynn', 36, 'The Sacred Grove', 'Lyralynn shares her most sacred space with you.', '*She takes your hand with a vine-like tendril* There''s a place... my Sacred Grove, where I go when I need healing. No one else has ever seen it. The plants there respond to emotions, blooming with joy, wilting with sorrow. Would you... would you like to see my heart''s true garden?', 12) ON DUPLICATE KEY UPDATE storyline_id = VALUES(storyline_id), character_id = VALUES(character_id), required_affection = VALUES(required_affection), title = VALUES(title), description = VALUES(description), dialogue = VALUES(dialogue), sort_order = VALUES(sort_order);
INSERT INTO storylines (storyline_id, character_id, required_affection, title, description, dialogue, sort_order) VALUES ('lyralynn_story_3', 'lyralynn', 52, 'The Bloom of New Love', 'Lyralynn''s heart finally opens completely.', '*In the Sacred Grove, flowers bloom magnificently around you both* Look... the garden responds to us together. When I was hurt before, everything withered. But now... everything blooms brighter than ever. You''ve helped me learn that love doesn''t diminish my connection to nature—it enhances it.', 13) ON DUPLICATE KEY UPDATE storyline_id = VALUES(storyline_id), character_id = VALUES(character_id), required_affection = VALUES(required_affection), title = VALUES(title), description = VALUES(description), dialogue = VALUES(dialogue), sort_order = VALUES(sort_order);
INSERT INTO storylines (storyline_id, character_id, required_affection, title, description, dialogue, sort_order) VALUES ('zarantha_story_1', 'zarantha', 22, 'The Weight of Command', 'Zarantha reveals the burden of always being the strongest.', '*Commander Zarantha''s scales dim slightly* You know what no one understands? Being strong all the time is exhausting. Everyone expects the dragon commander to never show weakness, never need support. But with you... I wonder what it would be like to let someone else be strong for once.', 14) ON DUPLICATE KEY UPDATE storyline_id = VALUES(storyline_id), character_id = VALUES(character_id), required_affection = VALUES(required_affection), title = VALUES(title), description = VALUES(description), dialogue = VALUES(dialogue), sort_order = VALUES(sort_order);
INSERT INTO storylines (storyline_id, character_id, required_affection, title, description, dialogue, sort_order) VALUES ('zarantha_story_2', 'zarantha', 44, 'The Honor Duel', 'Zarantha faces a challenge that tests her honor and your relationship.', '*Her scales bristle with conflict* A rival commander has challenged my authority, claiming I''ve grown soft since... since I''ve been with you. Traditional law demands an honor duel. If I lose, my rank, my reputation... everything I''ve built could be stripped away. But if I win by being ruthless, will I lose the gentleness you''ve taught me?', 15) ON DUPLICATE KEY UPDATE storyline_id = VALUES(storyline_id), character_id = VALUES(character_id), required_affection = VALUES(required_affection), title = VALUES(title), description = VALUES(description), dialogue = VALUES(dialogue), sort_order = VALUES(sort_order);
INSERT INTO storylines (storyline_id, character_id, required_affection, title, description, dialogue, sort_order) VALUES ('zarantha_story_3', 'zarantha', 60, 'The New Way of Strength', 'Zarantha discovers a new definition of strength through love.', '*After winning the duel with honor intact* I won... but not the way I used to. I fought with controlled strength, with honor, with the knowledge that someone precious was watching. They called me soft, but what they saw was actually a new kind of strength—one tempered by love, not weakened by it.', 16) ON DUPLICATE KEY UPDATE storyline_id = VALUES(storyline_id), character_id = VALUES(character_id), required_affection = VALUES(required_affection), title = VALUES(title), description = VALUES(description), dialogue = VALUES(dialogue), sort_order = VALUES(sort_order);
INSERT INTO storylines (storyline_id, character_id, required_affection, title, description, dialogue, sort_order) VALUES ('thalassos_story_1', 'thalassos', 17, 'The Depth of Solitude', 'Thalassos reveals the loneliness of his spiritual calling.', '*High Priest Thalassos gazes into the distance* The deep waters teach many things, but perhaps the most difficult lesson is solitude. To truly commune with the ocean''s wisdom, one must often walk alone. Yet lately... I find myself yearning for a companion who could understand both the surface and the depths.', 17) ON DUPLICATE KEY UPDATE storyline_id = VALUES(storyline_id), character_id = VALUES(character_id), required_affection = VALUES(required_affection), title = VALUES(title), description = VALUES(description), dialogue = VALUES(dialogue), sort_order = VALUES(sort_order);
INSERT INTO storylines (storyline_id, character_id, required_affection, title, description, dialogue, sort_order) VALUES ('thalassos_story_2', 'thalassos', 41, 'The Sacred Tide Pool', 'Thalassos invites you to participate in an ancient ritual.', '*His bio-luminescent patterns pulse with ancient rhythm* There is a ceremony... the Joining of Tides, where two souls share the ocean''s deepest secrets. It requires complete trust, complete vulnerability. The waters will show us visions of possible futures together. Are you prepared for what we might see?', 18) ON DUPLICATE KEY UPDATE storyline_id = VALUES(storyline_id), character_id = VALUES(character_id), required_affection = VALUES(required_affection), title = VALUES(title), description = VALUES(description), dialogue = VALUES(dialogue), sort_order = VALUES(sort_order);
INSERT INTO storylines (storyline_id, character_id, required_affection, title, description, dialogue, sort_order) VALUES ('thalassos_story_3', 'thalassos', 56, 'The Ocean''s Blessing', 'The ancient waters reveal a profound truth about your connection.', '*After the ritual, his eyes glow with otherworldly wisdom* The tides have shown me something remarkable... our connection transcends individual existence. Together, we become like the ocean itself—separate drops that create something infinite and eternal. The waters have blessed our union.', 19) ON DUPLICATE KEY UPDATE storyline_id = VALUES(storyline_id), character_id = VALUES(character_id), required_affection = VALUES(required_affection), title = VALUES(title), description = VALUES(description), dialogue = VALUES(dialogue), sort_order = VALUES(sort_order);
INSERT INTO storylines (storyline_id, character_id, required_affection, title, description, dialogue, sort_order) VALUES ('nightshade_story_1', 'nightshade', 19, 'The Guardian''s Burden', 'Nightshade reveals the cost of protecting the dimensional barriers.', '*Nightshade''s form flickers between solid and ethereal* You should know... what I do, who I am, it comes with a price. I''ve seen things that would shatter most minds. Dimensions where love leads to destruction, realities where connection means vulnerability. I''ve learned to keep others at a distance to protect them... and myself.', 20) ON DUPLICATE KEY UPDATE storyline_id = VALUES(storyline_id), character_id = VALUES(character_id), required_affection = VALUES(required_affection), title = VALUES(title), description = VALUES(description), dialogue = VALUES(dialogue), sort_order = VALUES(sort_order);
INSERT INTO storylines (storyline_id, character_id, required_affection, title, description, dialogue, sort_order) VALUES ('nightshade_story_2', 'nightshade', 43, 'The Dimensional Breach', 'A crisis tests Nightshade''s duty against their growing feelings.', '*Alarms pulse through the dimensional fabric* There''s been a breach... a dangerous entity from a hostile dimension is trying to break through. My duty demands I seal it immediately, but... the process will cut me off from this reality for days, maybe weeks. I might not make it back. But if I don''t go...', 21) ON DUPLICATE KEY UPDATE storyline_id = VALUES(storyline_id), character_id = VALUES(character_id), required_affection = VALUES(required_affection), title = VALUES(title), description = VALUES(description), dialogue = VALUES(dialogue), sort_order = VALUES(sort_order);
INSERT INTO storylines (storyline_id, character_id, required_affection, title, description, dialogue, sort_order) VALUES ('nightshade_story_3', 'nightshade', 59, 'The Light in Shadow', 'Nightshade discovers that love doesn''t weaken their protection—it strengthens it.', '*After successfully containing the breach, their form solidifies more than ever before* Something changed during the mission... when the hostile entity tried to corrupt me with visions of loss and isolation, I thought of you. Your love didn''t make me vulnerable—it became my anchor, my strength. I finally understand: shadows exist to protect the light.', 22) ON DUPLICATE KEY UPDATE storyline_id = VALUES(storyline_id), character_id = VALUES(character_id), required_affection = VALUES(required_affection), title = VALUES(title), description = VALUES(description), dialogue = VALUES(dialogue), sort_order = VALUES(sort_order);
INSERT INTO storyline_choices (storyline_id, choice_id, text, consequence, affection_change, unlock_next_storyline_id, sort_order) VALUES ('kyrathen_story_1', 'support_leadership', 'That must have taken incredible strength and wisdom.', 'Kyra''then appreciates your understanding of his burden', 3, 'kyrathen_story_2', 0) ON DUPLICATE KEY UPDATE storyline_id = VALUES(storyline_id), choice_id = VALUES(choice_id), text = VALUES(text), consequence = VALUES(consequence), affection_change = VALUES(affection_change), unlock_next_storyline_id = VALUES(unlock_next_storyline_id), sort_order = VALUES(sort_order);
INSERT INTO storyline_choices (storyline_id, choice_id, text, consequence, affection_change, unlock_next_storyline_id, sort_order) VALUES ('kyrathen_story_1', 'question_methods', 'How did you convince them you were different from other conquerors?', 'Kyra''then respects your tactical thinking', 2, 'kyrathen_story_2', 1) ON DUPLICATE KEY UPDATE storyline_id = VALUES(storyline_id), choice_id = VALUES(choice_id), text = VALUES(text), consequence = VALUES(consequence), affection_change = VALUES(affection_change), unlock_next_storyline_id = VALUES(unlock_next_storyline_id), sort_order = VALUES(sort_order);
INSERT INTO storyline_choices (storyline_id, choice_id, text, consequence, affection_change, unlock_next_storyline_id, sort_order) VALUES ('kyrathen_story_2', 'express_interest', 'I would be honored to learn this dance with you.', 'Kyra''then is deeply moved by your willingness to embrace his traditions', 5, 'kyrathen_story_3', 0) ON DUPLICATE KEY UPDATE storyline_id = VALUES(storyline_id), choice_id = VALUES(choice_id), text = VALUES(text), consequence = VALUES(consequence), affection_change = VALUES(affection_change), unlock_next_storyline_id = VALUES(unlock_next_storyline_id), sort_order = VALUES(sort_order);
INSERT INTO storyline_choices (storyline_id, choice_id, text, consequence, affection_change, unlock_next_storyline_id, sort_order) VALUES ('kyrathen_story_2', 'ask_about_past', 'Was there someone you performed this ritual with before?', 'Kyra''then shares a painful memory from his past', 2, NULL, 1) ON DUPLICATE KEY UPDATE storyline_id = VALUES(storyline_id), choice_id = VALUES(choice_id), text = VALUES(text), consequence = VALUES(consequence), affection_change = VALUES(affection_change), unlock_next_storyline_id = VALUES(unlock_next_storyline_id), sort_order = VALUES(sort_order);
INSERT INTO storyline_choices (storyline_id, choice_id, text, consequence, affection_change, unlock_next_storyline_id, sort_order) VALUES ('kyrathen_story_3', 'love_and_duty', 'Great leaders inspire not through sacrifice, but through showing others what''s possible.', 'Kyra''then realizes he can be both a leader and a lover', 7, NULL, 0) ON DUPLICATE KEY UPDATE storyline_id = VALUES(storyline_id), choice_id = VALUES(choice_id), text = VALUES(text), consequence = VALUES(consequence), affection_change = VALUES(affection_change), unlock_next_storyline_id = VALUES(unlock_next_storyline_id), sort_order = VALUES(sort_order);
INSERT INTO storyline_choices (storyline_id, choice_id, text, consequence, affection_change, unlock_next_storyline_id, sort_order) VALUES ('kyrathen_story_3', 'support_sacrifice', 'I would never ask you to choose between me and your people.', 'Kyra''then is touched by your selflessness', 5, NULL, 1) ON DUPLICATE KEY UPDATE storyline_id = VALUES(storyline_id), choice_id = VALUES(choice_id), text = VALUES(text), consequence = VALUES(consequence), affection_change = VALUES(affection_change), unlock_next_storyline_id = VALUES(unlock_next_storyline_id), sort_order = VALUES(sort_order);
INSERT INTO storyline_choices (storyline_id, choice_id, text, consequence, affection_change, unlock_next_storyline_id, sort_order) VALUES ('seraphina_story_1', 'comfort_burden', 'The present moment with you is more important than any future.', 'Seraphina finds peace in your presence', 4, 'seraphina_story_2', 0) ON DUPLICATE KEY UPDATE storyline_id = VALUES(storyline_id), choice_id = VALUES(choice_id), text = VALUES(text), consequence = VALUES(consequence), affection_change = VALUES(affection_change), unlock_next_storyline_id = VALUES(unlock_next_storyline_id), sort_order = VALUES(sort_order);
INSERT INTO storyline_choices (storyline_id, choice_id, text, consequence, affection_change, unlock_next_storyline_id, sort_order) VALUES ('seraphina_story_1', 'ask_about_visions', 'Have you seen our future together?', 'Seraphina looks uncertain about revealing her visions', 2, 'seraphina_story_2', 1) ON DUPLICATE KEY UPDATE storyline_id = VALUES(storyline_id), choice_id = VALUES(choice_id), text = VALUES(text), consequence = VALUES(consequence), affection_change = VALUES(affection_change), unlock_next_storyline_id = VALUES(unlock_next_storyline_id), sort_order = VALUES(sort_order);
INSERT INTO storyline_choices (storyline_id, choice_id, text, consequence, affection_change, unlock_next_storyline_id, sort_order) VALUES ('seraphina_story_2', 'accept_journey', 'I trust you to guide me through any dimension.', 'Your trust deepens your mystical connection', 6, 'seraphina_story_3', 0) ON DUPLICATE KEY UPDATE storyline_id = VALUES(storyline_id), choice_id = VALUES(choice_id), text = VALUES(text), consequence = VALUES(consequence), affection_change = VALUES(affection_change), unlock_next_storyline_id = VALUES(unlock_next_storyline_id), sort_order = VALUES(sort_order);
INSERT INTO storyline_choices (storyline_id, choice_id, text, consequence, affection_change, unlock_next_storyline_id, sort_order) VALUES ('seraphina_story_2', 'nervous_but_willing', 'It sounds overwhelming, but I want to experience it with you.', 'Seraphina appreciates your honesty about your fears', 3, 'seraphina_story_3', 1) ON DUPLICATE KEY UPDATE storyline_id = VALUES(storyline_id), choice_id = VALUES(choice_id), text = VALUES(text), consequence = VALUES(consequence), affection_change = VALUES(affection_change), unlock_next_storyline_id = VALUES(unlock_next_storyline_id), sort_order = VALUES(sort_order);
INSERT INTO storyline_choices (storyline_id, choice_id, text, consequence, affection_change, unlock_next_storyline_id, sort_order) VALUES ('kronos_story_1', 'emotion_is_more', 'Maybe love is what makes consciousness truly beautiful.', 'Kronos begins to see emotion as enhancement, not limitation', 4, 'kronos_story_2', 0) ON DUPLICATE KEY UPDATE storyline_id = VALUES(storyline_id), choice_id = VALUES(choice_id), text = VALUES(text), consequence = VALUES(consequence), affection_change = VALUES(affection_change), unlock_next_storyline_id = VALUES(unlock_next_storyline_id), sort_order = VALUES(sort_order);
INSERT INTO storyline_choices (storyline_id, choice_id, text, consequence, affection_change, unlock_next_storyline_id, sort_order) VALUES ('kronos_story_1', 'analyze_together', 'Perhaps we could study this phenomenon together?', 'Kronos appreciates your scientific curiosity about love', 3, 'kronos_story_2', 1) ON DUPLICATE KEY UPDATE storyline_id = VALUES(storyline_id), choice_id = VALUES(choice_id), text = VALUES(text), consequence = VALUES(consequence), affection_change = VALUES(affection_change), unlock_next_storyline_id = VALUES(unlock_next_storyline_id), sort_order = VALUES(sort_order);
INSERT INTO storyline_choices (storyline_id, choice_id, text, consequence, affection_change, unlock_next_storyline_id, sort_order) VALUES ('kronos_story_2', 'trust_experiment', 'I trust you completely. Let''s explore consciousness together.', 'Your trust creates an unprecedented neural bond', 6, 'kronos_story_3', 0) ON DUPLICATE KEY UPDATE storyline_id = VALUES(storyline_id), choice_id = VALUES(choice_id), text = VALUES(text), consequence = VALUES(consequence), affection_change = VALUES(affection_change), unlock_next_storyline_id = VALUES(unlock_next_storyline_id), sort_order = VALUES(sort_order);
INSERT INTO storyline_choices (storyline_id, choice_id, text, consequence, affection_change, unlock_next_storyline_id, sort_order) VALUES ('kronos_story_2', 'nervous_but_willing', 'It sounds intense, but I want to understand your world.', 'Kronos is touched by your courage', 4, 'kronos_story_3', 1) ON DUPLICATE KEY UPDATE storyline_id = VALUES(storyline_id), choice_id = VALUES(choice_id), text = VALUES(text), consequence = VALUES(consequence), affection_change = VALUES(affection_change), unlock_next_storyline_id = VALUES(unlock_next_storyline_id), sort_order = VALUES(sort_order);
INSERT INTO storyline_choices (storyline_id, choice_id, text, consequence, affection_change, unlock_next_storyline_id, sort_order) VALUES ('kronos_story_3', 'love_enhancement', 'Love enhanced you just as your technology enhances your mind.', 'Kronos realizes love is the most powerful upgrade possible', 8, NULL, 0) ON DUPLICATE KEY UPDATE storyline_id = VALUES(storyline_id), choice_id = VALUES(choice_id), text = VALUES(text), consequence = VALUES(consequence), affection_change = VALUES(affection_change), unlock_next_storyline_id = VALUES(unlock_next_storyline_id), sort_order = VALUES(sort_order);
INSERT INTO storyline_choices (storyline_id, choice_id, text, consequence, affection_change, unlock_next_storyline_id, sort_order) VALUES ('kronos_story_3', 'beyond_technology', 'Some things are more powerful than any technology.', 'Kronos embraces the limits and beauty of natural emotion', 6, NULL, 1) ON DUPLICATE KEY UPDATE storyline_id = VALUES(storyline_id), choice_id = VALUES(choice_id), text = VALUES(text), consequence = VALUES(consequence), affection_change = VALUES(affection_change), unlock_next_storyline_id = VALUES(unlock_next_storyline_id), sort_order = VALUES(sort_order);
INSERT INTO storyline_choices (storyline_id, choice_id, text, consequence, affection_change, unlock_next_storyline_id, sort_order) VALUES ('thessarian_story_1', 'encourage_research', 'Your research could help many inter-species couples.', 'Thessarian is inspired by your support of their work', 4, 'thessarian_story_2', 0) ON DUPLICATE KEY UPDATE storyline_id = VALUES(storyline_id), choice_id = VALUES(choice_id), text = VALUES(text), consequence = VALUES(consequence), affection_change = VALUES(affection_change), unlock_next_storyline_id = VALUES(unlock_next_storyline_id), sort_order = VALUES(sort_order);
INSERT INTO storyline_choices (storyline_id, choice_id, text, consequence, affection_change, unlock_next_storyline_id, sort_order) VALUES ('thessarian_story_1', 'personal_interest', 'You''ve been studying us specifically?', 'Thessarian admits their personal interest in your relationship', 5, 'thessarian_story_2', 1) ON DUPLICATE KEY UPDATE storyline_id = VALUES(storyline_id), choice_id = VALUES(choice_id), text = VALUES(text), consequence = VALUES(consequence), affection_change = VALUES(affection_change), unlock_next_storyline_id = VALUES(unlock_next_storyline_id), sort_order = VALUES(sort_order);
INSERT INTO storyline_choices (storyline_id, choice_id, text, consequence, affection_change, unlock_next_storyline_id, sort_order) VALUES ('thessarian_story_2', 'complete_trust', 'I trust your expertise completely. Let''s discover what we could become.', 'Your faith in them creates an unprecedented biological bond', 7, 'thessarian_story_3', 0) ON DUPLICATE KEY UPDATE storyline_id = VALUES(storyline_id), choice_id = VALUES(choice_id), text = VALUES(text), consequence = VALUES(consequence), affection_change = VALUES(affection_change), unlock_next_storyline_id = VALUES(unlock_next_storyline_id), sort_order = VALUES(sort_order);
INSERT INTO storyline_choices (storyline_id, choice_id, text, consequence, affection_change, unlock_next_storyline_id, sort_order) VALUES ('thessarian_story_2', 'cautious_yes', 'It sounds intense, but I want to experience your world.', 'Thessarian appreciates your courage and caution', 5, 'thessarian_story_3', 1) ON DUPLICATE KEY UPDATE storyline_id = VALUES(storyline_id), choice_id = VALUES(choice_id), text = VALUES(text), consequence = VALUES(consequence), affection_change = VALUES(affection_change), unlock_next_storyline_id = VALUES(unlock_next_storyline_id), sort_order = VALUES(sort_order);
INSERT INTO storyline_choices (storyline_id, choice_id, text, consequence, affection_change, unlock_next_storyline_id, sort_order) VALUES ('thessarian_story_3', 'evolution_together', 'We''re becoming something neither of us could be alone.', 'Thessarian realizes love is evolution''s greatest tool', 8, NULL, 0) ON DUPLICATE KEY UPDATE storyline_id = VALUES(storyline_id), choice_id = VALUES(choice_id), text = VALUES(text), consequence = VALUES(consequence), affection_change = VALUES(affection_change), unlock_next_storyline_id = VALUES(unlock_next_storyline_id), sort_order = VALUES(sort_order);
INSERT INTO storyline_choices (storyline_id, choice_id, text, consequence, affection_change, unlock_next_storyline_id, sort_order) VALUES ('thessarian_story_3', 'perfect_adaptation', 'You''ve found the perfect research partner in every way.', 'Thessarian sees you as both lover and scientific equal', 6, NULL, 1) ON DUPLICATE KEY UPDATE storyline_id = VALUES(storyline_id), choice_id = VALUES(choice_id), text = VALUES(text), consequence = VALUES(consequence), affection_change = VALUES(affection_change), unlock_next_storyline_id = VALUES(unlock_next_storyline_id), sort_order = VALUES(sort_order);
INSERT INTO storyline_choices (storyline_id, choice_id, text, consequence, affection_change, unlock_next_storyline_id, sort_order) VALUES ('lyralynn_story_1', 'healing_support', 'Your connection to nature is beautiful, not unnatural.', 'Lyralynn begins to trust that you understand her true nature', 5, 'lyralynn_story_2', 0) ON DUPLICATE KEY UPDATE storyline_id = VALUES(storyline_id), choice_id = VALUES(choice_id), text = VALUES(text), consequence = VALUES(consequence), affection_change = VALUES(affection_change), unlock_next_storyline_id = VALUES(unlock_next_storyline_id), sort_order = VALUES(sort_order);
INSERT INTO storyline_choices (storyline_id, choice_id, text, consequence, affection_change, unlock_next_storyline_id, sort_order) VALUES ('lyralynn_story_1', 'patient_love', 'I''ll be patient while your heart heals and blooms again.', 'Lyralynn is moved by your gentle understanding', 4, 'lyralynn_story_2', 1) ON DUPLICATE KEY UPDATE storyline_id = VALUES(storyline_id), choice_id = VALUES(choice_id), text = VALUES(text), consequence = VALUES(consequence), affection_change = VALUES(affection_change), unlock_next_storyline_id = VALUES(unlock_next_storyline_id), sort_order = VALUES(sort_order);
INSERT INTO storyline_choices (storyline_id, choice_id, text, consequence, affection_change, unlock_next_storyline_id, sort_order) VALUES ('lyralynn_story_2', 'honor_privilege', 'I''m honored you''d share your most sacred place with me.', 'Your reverence for her sacred space deepens her trust', 6, 'lyralynn_story_3', 0) ON DUPLICATE KEY UPDATE storyline_id = VALUES(storyline_id), choice_id = VALUES(choice_id), text = VALUES(text), consequence = VALUES(consequence), affection_change = VALUES(affection_change), unlock_next_storyline_id = VALUES(unlock_next_storyline_id), sort_order = VALUES(sort_order);
INSERT INTO storyline_choices (storyline_id, choice_id, text, consequence, affection_change, unlock_next_storyline_id, sort_order) VALUES ('lyralynn_story_2', 'promise_protection', 'I promise to protect and cherish this gift you''re giving me.', 'Lyralynn feels safe opening her heart completely', 7, 'lyralynn_story_3', 1) ON DUPLICATE KEY UPDATE storyline_id = VALUES(storyline_id), choice_id = VALUES(choice_id), text = VALUES(text), consequence = VALUES(consequence), affection_change = VALUES(affection_change), unlock_next_storyline_id = VALUES(unlock_next_storyline_id), sort_order = VALUES(sort_order);
INSERT INTO storyline_choices (storyline_id, choice_id, text, consequence, affection_change, unlock_next_storyline_id, sort_order) VALUES ('lyralynn_story_3', 'growing_together', 'We''re growing together, like two plants sharing the same soil.', 'Lyralynn embraces a love that nurtures both of you', 8, NULL, 0) ON DUPLICATE KEY UPDATE storyline_id = VALUES(storyline_id), choice_id = VALUES(choice_id), text = VALUES(text), consequence = VALUES(consequence), affection_change = VALUES(affection_change), unlock_next_storyline_id = VALUES(unlock_next_storyline_id), sort_order = VALUES(sort_order);
INSERT INTO storyline_choices (storyline_id, choice_id, text, consequence, affection_change, unlock_next_storyline_id, sort_order) VALUES ('lyralynn_story_3', 'natural_love', 'This is what love should be—as natural as sunlight and rain.', 'Lyralynn finds peace in a love that feels truly natural', 7, NULL, 1) ON DUPLICATE KEY UPDATE storyline_id = VALUES(storyline_id), choice_id = VALUES(choice_id), text = VALUES(text), consequence = VALUES(consequence), affection_change = VALUES(affection_change), unlock_next_storyline_id = VALUES(unlock_next_storyline_id), sort_order = VALUES(sort_order);
INSERT INTO storyline_choices (storyline_id, choice_id, text, consequence, affection_change, unlock_next_storyline_id, sort_order) VALUES ('zarantha_story_1', 'offer_strength', 'Let me be your strength when you need rest.', 'Zarantha begins to trust you with her vulnerabilities', 5, 'zarantha_story_2', 0) ON DUPLICATE KEY UPDATE storyline_id = VALUES(storyline_id), choice_id = VALUES(choice_id), text = VALUES(text), consequence = VALUES(consequence), affection_change = VALUES(affection_change), unlock_next_storyline_id = VALUES(unlock_next_storyline_id), sort_order = VALUES(sort_order);
INSERT INTO storyline_choices (storyline_id, choice_id, text, consequence, affection_change, unlock_next_storyline_id, sort_order) VALUES ('zarantha_story_1', 'admire_strength', 'Your strength inspires me, but your trust in me means even more.', 'Zarantha appreciates being seen as more than just strong', 4, 'zarantha_story_2', 1) ON DUPLICATE KEY UPDATE storyline_id = VALUES(storyline_id), choice_id = VALUES(choice_id), text = VALUES(text), consequence = VALUES(consequence), affection_change = VALUES(affection_change), unlock_next_storyline_id = VALUES(unlock_next_storyline_id), sort_order = VALUES(sort_order);
INSERT INTO storyline_choices (storyline_id, choice_id, text, consequence, affection_change, unlock_next_storyline_id, sort_order) VALUES ('zarantha_story_2', 'strength_and_honor', 'True strength protects what matters. Fight with honor, not ruthlessness.', 'Zarantha realizes she can be both strong and compassionate', 7, 'zarantha_story_3', 0) ON DUPLICATE KEY UPDATE storyline_id = VALUES(storyline_id), choice_id = VALUES(choice_id), text = VALUES(text), consequence = VALUES(consequence), affection_change = VALUES(affection_change), unlock_next_storyline_id = VALUES(unlock_next_storyline_id), sort_order = VALUES(sort_order);
INSERT INTO storyline_choices (storyline_id, choice_id, text, consequence, affection_change, unlock_next_storyline_id, sort_order) VALUES ('zarantha_story_2', 'support_choice', 'Whatever you choose, I''ll stand by you.', 'Zarantha draws strength from your unwavering support', 6, 'zarantha_story_3', 1) ON DUPLICATE KEY UPDATE storyline_id = VALUES(storyline_id), choice_id = VALUES(choice_id), text = VALUES(text), consequence = VALUES(consequence), affection_change = VALUES(affection_change), unlock_next_storyline_id = VALUES(unlock_next_storyline_id), sort_order = VALUES(sort_order);
INSERT INTO storyline_choices (storyline_id, choice_id, text, consequence, affection_change, unlock_next_storyline_id, sort_order) VALUES ('zarantha_story_3', 'evolved_strength', 'You''ve evolved into something more powerful than any warrior.', 'Zarantha embraces being both fierce and loving', 8, NULL, 0) ON DUPLICATE KEY UPDATE storyline_id = VALUES(storyline_id), choice_id = VALUES(choice_id), text = VALUES(text), consequence = VALUES(consequence), affection_change = VALUES(affection_change), unlock_next_storyline_id = VALUES(unlock_next_storyline_id), sort_order = VALUES(sort_order);
INSERT INTO storyline_choices (storyline_id, choice_id, text, consequence, affection_change, unlock_next_storyline_id, sort_order) VALUES ('zarantha_story_3', 'proud_of_you', 'I''ve never been more proud to stand beside you.', 'Zarantha finds pride in this new version of herself', 7, NULL, 1) ON DUPLICATE KEY UPDATE storyline_id = VALUES(storyline_id), choice_id = VALUES(choice_id), text = VALUES(text), consequence = VALUES(consequence), affection_change = VALUES(affection_change), unlock_next_storyline_id = VALUES(unlock_next_storyline_id), sort_order = VALUES(sort_order);
INSERT INTO storyline_choices (storyline_id, choice_id, text, consequence, affection_change, unlock_next_storyline_id, sort_order) VALUES ('thalassos_story_1', 'dive_together', 'Let me learn to dive into those depths with you.', 'Thalassos is moved by your willingness to explore his spiritual world', 5, 'thalassos_story_2', 0) ON DUPLICATE KEY UPDATE storyline_id = VALUES(storyline_id), choice_id = VALUES(choice_id), text = VALUES(text), consequence = VALUES(consequence), affection_change = VALUES(affection_change), unlock_next_storyline_id = VALUES(unlock_next_storyline_id), sort_order = VALUES(sort_order);
INSERT INTO storyline_choices (storyline_id, choice_id, text, consequence, affection_change, unlock_next_storyline_id, sort_order) VALUES ('thalassos_story_1', 'understand_calling', 'Your calling is beautiful, but you don''t have to carry it alone.', 'Thalassos begins to see how companionship could enhance his spirituality', 4, 'thalassos_story_2', 1) ON DUPLICATE KEY UPDATE storyline_id = VALUES(storyline_id), choice_id = VALUES(choice_id), text = VALUES(text), consequence = VALUES(consequence), affection_change = VALUES(affection_change), unlock_next_storyline_id = VALUES(unlock_next_storyline_id), sort_order = VALUES(sort_order);
INSERT INTO storyline_choices (storyline_id, choice_id, text, consequence, affection_change, unlock_next_storyline_id, sort_order) VALUES ('thalassos_story_2', 'embrace_visions', 'I''m ready to see our future together, whatever it may be.', 'Your courage to face the unknown deepens your mystical bond', 7, 'thalassos_story_3', 0) ON DUPLICATE KEY UPDATE storyline_id = VALUES(storyline_id), choice_id = VALUES(choice_id), text = VALUES(text), consequence = VALUES(consequence), affection_change = VALUES(affection_change), unlock_next_storyline_id = VALUES(unlock_next_storyline_id), sort_order = VALUES(sort_order);
INSERT INTO storyline_choices (storyline_id, choice_id, text, consequence, affection_change, unlock_next_storyline_id, sort_order) VALUES ('thalassos_story_2', 'trust_wisdom', 'I trust your wisdom to guide us through this journey.', 'Thalassos is honored by your faith in his spiritual guidance', 6, 'thalassos_story_3', 1) ON DUPLICATE KEY UPDATE storyline_id = VALUES(storyline_id), choice_id = VALUES(choice_id), text = VALUES(text), consequence = VALUES(consequence), affection_change = VALUES(affection_change), unlock_next_storyline_id = VALUES(unlock_next_storyline_id), sort_order = VALUES(sort_order);
INSERT INTO storyline_choices (storyline_id, choice_id, text, consequence, affection_change, unlock_next_storyline_id, sort_order) VALUES ('thalassos_story_3', 'eternal_connection', 'Our love flows deeper than any ocean.', 'Thalassos sees your love as truly transcendent', 8, NULL, 0) ON DUPLICATE KEY UPDATE storyline_id = VALUES(storyline_id), choice_id = VALUES(choice_id), text = VALUES(text), consequence = VALUES(consequence), affection_change = VALUES(affection_change), unlock_next_storyline_id = VALUES(unlock_next_storyline_id), sort_order = VALUES(sort_order);
INSERT INTO storyline_choices (storyline_id, choice_id, text, consequence, affection_change, unlock_next_storyline_id, sort_order) VALUES ('thalassos_story_3', 'blessed_by_waters', 'If the ancient waters bless us, how can we be anything but eternal?', 'Thalassos finds peace in the spiritual validation of your love', 7, NULL, 1) ON DUPLICATE KEY UPDATE storyline_id = VALUES(storyline_id), choice_id = VALUES(choice_id), text = VALUES(text), consequence = VALUES(consequence), affection_change = VALUES(affection_change), unlock_next_storyline_id = VALUES(unlock_next_storyline_id), sort_order = VALUES(sort_order);
INSERT INTO storyline_choices (storyline_id, choice_id, text, consequence, affection_change, unlock_next_storyline_id, sort_order) VALUES ('nightshade_story_1', 'worth_risk', 'Some things are worth the risk. Our connection is one of them.', 'Nightshade begins to believe love might be worth the vulnerability', 5, 'nightshade_story_2', 0) ON DUPLICATE KEY UPDATE storyline_id = VALUES(storyline_id), choice_id = VALUES(choice_id), text = VALUES(text), consequence = VALUES(consequence), affection_change = VALUES(affection_change), unlock_next_storyline_id = VALUES(unlock_next_storyline_id), sort_order = VALUES(sort_order);
INSERT INTO storyline_choices (storyline_id, choice_id, text, consequence, affection_change, unlock_next_storyline_id, sort_order) VALUES ('nightshade_story_1', 'share_burden', 'Let me help you carry that burden. You don''t have to protect alone.', 'Nightshade is moved by your offer to share their responsibility', 4, 'nightshade_story_2', 1) ON DUPLICATE KEY UPDATE storyline_id = VALUES(storyline_id), choice_id = VALUES(choice_id), text = VALUES(text), consequence = VALUES(consequence), affection_change = VALUES(affection_change), unlock_next_storyline_id = VALUES(unlock_next_storyline_id), sort_order = VALUES(sort_order);
INSERT INTO storyline_choices (storyline_id, choice_id, text, consequence, affection_change, unlock_next_storyline_id, sort_order) VALUES ('nightshade_story_2', 'duty_first', 'Go. I''ll be here when you return. I believe in you.', 'Nightshade is strengthened by your understanding of their duty', 7, 'nightshade_story_3', 0) ON DUPLICATE KEY UPDATE storyline_id = VALUES(storyline_id), choice_id = VALUES(choice_id), text = VALUES(text), consequence = VALUES(consequence), affection_change = VALUES(affection_change), unlock_next_storyline_id = VALUES(unlock_next_storyline_id), sort_order = VALUES(sort_order);
INSERT INTO storyline_choices (storyline_id, choice_id, text, consequence, affection_change, unlock_next_storyline_id, sort_order) VALUES ('nightshade_story_2', 'fight_together', 'Take me with you. We''re stronger together.', 'Nightshade realizes they don''t have to face danger alone', 6, 'nightshade_story_3', 1) ON DUPLICATE KEY UPDATE storyline_id = VALUES(storyline_id), choice_id = VALUES(choice_id), text = VALUES(text), consequence = VALUES(consequence), affection_change = VALUES(affection_change), unlock_next_storyline_id = VALUES(unlock_next_storyline_id), sort_order = VALUES(sort_order);
INSERT INTO storyline_choices (storyline_id, choice_id, text, consequence, affection_change, unlock_next_storyline_id, sort_order) VALUES ('nightshade_story_3', 'love_as_anchor', 'Our love is the light that guides you through any darkness.', 'Nightshade embraces love as their greatest strength', 8, NULL, 0) ON DUPLICATE KEY UPDATE storyline_id = VALUES(storyline_id), choice_id = VALUES(choice_id), text = VALUES(text), consequence = VALUES(consequence), affection_change = VALUES(affection_change), unlock_next_storyline_id = VALUES(unlock_next_storyline_id), sort_order = VALUES(sort_order);
INSERT INTO storyline_choices (storyline_id, choice_id, text, consequence, affection_change, unlock_next_storyline_id, sort_order) VALUES ('nightshade_story_3', 'proud_guardian', 'You''re not just a guardian of dimensions—you''re the guardian of my heart.', 'Nightshade finds new purpose in protecting what they love', 7, NULL, 1) ON DUPLICATE KEY UPDATE storyline_id = VALUES(storyline_id), choice_id = VALUES(choice_id), text = VALUES(text), consequence = VALUES(consequence), affection_change = VALUES(affection_change), unlock_next_storyline_id = VALUES(unlock_next_storyline_id), sort_order = VALUES(sort_order);
INSERT INTO storyline_rewards (storyline_id, reward_id, reward_type, description, sort_order) VALUES ('kyrathen_story_1', 'kyrathen_leadership_depth', 'character_insight', 'You understand the true depth of his leadership philosophy', 0) ON DUPLICATE KEY UPDATE storyline_id = VALUES(storyline_id), reward_id = VALUES(reward_id), reward_type = VALUES(reward_type), description = VALUES(description), sort_order = VALUES(sort_order);
INSERT INTO storyline_rewards (storyline_id, reward_id, reward_type, description, sort_order) VALUES ('kyrathen_story_2', 'sacred_flight_ceremony', 'special_date', 'Unlock the Sacred Flight date option', 0) ON DUPLICATE KEY UPDATE storyline_id = VALUES(storyline_id), reward_id = VALUES(reward_id), reward_type = VALUES(reward_type), description = VALUES(description), sort_order = VALUES(sort_order);
INSERT INTO storyline_rewards (storyline_id, reward_id, reward_type, description, sort_order) VALUES ('kyrathen_story_3', 'kyrathen_private_moment', 'photo', 'A tender moment showing his vulnerable side', 0) ON DUPLICATE KEY UPDATE storyline_id = VALUES(storyline_id), reward_id = VALUES(reward_id), reward_type = VALUES(reward_type), description = VALUES(description), sort_order = VALUES(sort_order);
INSERT INTO storyline_rewards (storyline_id, reward_id, reward_type, description, sort_order) VALUES ('seraphina_story_1', 'seraphina_prophetic_burden', 'character_insight', 'You understand the weight of her gift', 0) ON DUPLICATE KEY UPDATE storyline_id = VALUES(storyline_id), reward_id = VALUES(reward_id), reward_type = VALUES(reward_type), description = VALUES(description), sort_order = VALUES(sort_order);
INSERT INTO storyline_rewards (storyline_id, reward_id, reward_type, description, sort_order) VALUES ('seraphina_story_2', 'dimensional_garden_visit', 'special_date', 'Unlock the Dimensional Garden date', 0) ON DUPLICATE KEY UPDATE storyline_id = VALUES(storyline_id), reward_id = VALUES(reward_id), reward_type = VALUES(reward_type), description = VALUES(description), sort_order = VALUES(sort_order);
INSERT INTO storyline_rewards (storyline_id, reward_id, reward_type, description, sort_order) VALUES ('kronos_story_1', 'kronos_emotional_contradiction', 'character_insight', 'You understand the beautiful paradox of his enhanced yet vulnerable heart', 0) ON DUPLICATE KEY UPDATE storyline_id = VALUES(storyline_id), reward_id = VALUES(reward_id), reward_type = VALUES(reward_type), description = VALUES(description), sort_order = VALUES(sort_order);
INSERT INTO storyline_rewards (storyline_id, reward_id, reward_type, description, sort_order) VALUES ('kronos_story_2', 'consciousness_bridge_experience', 'special_date', 'Unlock the Consciousness Bridge date', 0) ON DUPLICATE KEY UPDATE storyline_id = VALUES(storyline_id), reward_id = VALUES(reward_id), reward_type = VALUES(reward_type), description = VALUES(description), sort_order = VALUES(sort_order);
INSERT INTO storyline_rewards (storyline_id, reward_id, reward_type, description, sort_order) VALUES ('kronos_story_3', 'kronos_neural_harmony', 'photo', 'A beautiful moment showing his enhanced and natural selves in perfect balance', 0) ON DUPLICATE KEY UPDATE storyline_id = VALUES(storyline_id), reward_id = VALUES(reward_id), reward_type = VALUES(reward_type), description = VALUES(description), sort_order = VALUES(sort_order);
INSERT INTO storyline_rewards (storyline_id, reward_id, reward_type, description, sort_order) VALUES ('thessarian_story_1', 'thessarian_research_passion', 'character_insight', 'You understand how their scientific mind approaches love', 0) ON DUPLICATE KEY UPDATE storyline_id = VALUES(storyline_id), reward_id = VALUES(reward_id), reward_type = VALUES(reward_type), description = VALUES(description), sort_order = VALUES(sort_order);
INSERT INTO storyline_rewards (storyline_id, reward_id, reward_type, description, sort_order) VALUES ('thessarian_story_2', 'symbiosis_experience', 'special_date', 'Unlock the Biological Symbiosis date', 0) ON DUPLICATE KEY UPDATE storyline_id = VALUES(storyline_id), reward_id = VALUES(reward_id), reward_type = VALUES(reward_type), description = VALUES(description), sort_order = VALUES(sort_order);
INSERT INTO storyline_rewards (storyline_id, reward_id, reward_type, description, sort_order) VALUES ('thessarian_story_3', 'thessarian_symbiosis_moment', 'photo', 'A beautiful image of your biological harmony together', 0) ON DUPLICATE KEY UPDATE storyline_id = VALUES(storyline_id), reward_id = VALUES(reward_id), reward_type = VALUES(reward_type), description = VALUES(description), sort_order = VALUES(sort_order);
INSERT INTO storyline_rewards (storyline_id, reward_id, reward_type, description, sort_order) VALUES ('lyralynn_story_1', 'lyralynn_past_pain', 'character_insight', 'You understand the source of her gentle caution', 0) ON DUPLICATE KEY UPDATE storyline_id = VALUES(storyline_id), reward_id = VALUES(reward_id), reward_type = VALUES(reward_type), description = VALUES(description), sort_order = VALUES(sort_order);
INSERT INTO storyline_rewards (storyline_id, reward_id, reward_type, description, sort_order) VALUES ('lyralynn_story_2', 'sacred_grove_visit', 'special_date', 'Unlock the Sacred Grove date', 0) ON DUPLICATE KEY UPDATE storyline_id = VALUES(storyline_id), reward_id = VALUES(reward_id), reward_type = VALUES(reward_type), description = VALUES(description), sort_order = VALUES(sort_order);
INSERT INTO storyline_rewards (storyline_id, reward_id, reward_type, description, sort_order) VALUES ('lyralynn_story_3', 'lyralynn_garden_bloom', 'photo', 'The Sacred Grove in full bloom, responding to your love', 0) ON DUPLICATE KEY UPDATE storyline_id = VALUES(storyline_id), reward_id = VALUES(reward_id), reward_type = VALUES(reward_type), description = VALUES(description), sort_order = VALUES(sort_order);
INSERT INTO storyline_rewards (storyline_id, reward_id, reward_type, description, sort_order) VALUES ('zarantha_story_1', 'zarantha_hidden_vulnerability', 'character_insight', 'You see past her armor to the heart beneath', 0) ON DUPLICATE KEY UPDATE storyline_id = VALUES(storyline_id), reward_id = VALUES(reward_id), reward_type = VALUES(reward_type), description = VALUES(description), sort_order = VALUES(sort_order);
INSERT INTO storyline_rewards (storyline_id, reward_id, reward_type, description, sort_order) VALUES ('zarantha_story_2', 'honor_duel_witness', 'special_date', 'Witness Zarantha''s honor duel', 0) ON DUPLICATE KEY UPDATE storyline_id = VALUES(storyline_id), reward_id = VALUES(reward_id), reward_type = VALUES(reward_type), description = VALUES(description), sort_order = VALUES(sort_order);
INSERT INTO storyline_rewards (storyline_id, reward_id, reward_type, description, sort_order) VALUES ('zarantha_story_3', 'zarantha_honor_victory', 'photo', 'Zarantha victorious, scales gleaming with honorable strength', 0) ON DUPLICATE KEY UPDATE storyline_id = VALUES(storyline_id), reward_id = VALUES(reward_id), reward_type = VALUES(reward_type), description = VALUES(description), sort_order = VALUES(sort_order);
INSERT INTO storyline_rewards (storyline_id, reward_id, reward_type, description, sort_order) VALUES ('thalassos_story_1', 'thalassos_spiritual_loneliness', 'character_insight', 'You understand the price he pays for his deep wisdom', 0) ON DUPLICATE KEY UPDATE storyline_id = VALUES(storyline_id), reward_id = VALUES(reward_id), reward_type = VALUES(reward_type), description = VALUES(description), sort_order = VALUES(sort_order);
INSERT INTO storyline_rewards (storyline_id, reward_id, reward_type, description, sort_order) VALUES ('thalassos_story_2', 'joining_of_tides_ritual', 'special_date', 'Unlock the Sacred Tide Pool ritual', 0) ON DUPLICATE KEY UPDATE storyline_id = VALUES(storyline_id), reward_id = VALUES(reward_id), reward_type = VALUES(reward_type), description = VALUES(description), sort_order = VALUES(sort_order);
INSERT INTO storyline_rewards (storyline_id, reward_id, reward_type, description, sort_order) VALUES ('thalassos_story_3', 'thalassos_tide_blessing', 'photo', 'The sacred moment when the waters blessed your union', 0) ON DUPLICATE KEY UPDATE storyline_id = VALUES(storyline_id), reward_id = VALUES(reward_id), reward_type = VALUES(reward_type), description = VALUES(description), sort_order = VALUES(sort_order);
INSERT INTO storyline_rewards (storyline_id, reward_id, reward_type, description, sort_order) VALUES ('nightshade_story_1', 'nightshade_protective_isolation', 'character_insight', 'You understand why they keep others at a distance', 0) ON DUPLICATE KEY UPDATE storyline_id = VALUES(storyline_id), reward_id = VALUES(reward_id), reward_type = VALUES(reward_type), description = VALUES(description), sort_order = VALUES(sort_order);
INSERT INTO storyline_rewards (storyline_id, reward_id, reward_type, description, sort_order) VALUES ('nightshade_story_2', 'dimensional_mission', 'special_date', 'Experience the dimensional breach crisis together', 0) ON DUPLICATE KEY UPDATE storyline_id = VALUES(storyline_id), reward_id = VALUES(reward_id), reward_type = VALUES(reward_type), description = VALUES(description), sort_order = VALUES(sort_order);
INSERT INTO storyline_rewards (storyline_id, reward_id, reward_type, description, sort_order) VALUES ('nightshade_story_3', 'nightshade_light_shadow', 'photo', 'Nightshade in perfect balance between shadow and light', 0) ON DUPLICATE KEY UPDATE storyline_id = VALUES(storyline_id), reward_id = VALUES(reward_id), reward_type = VALUES(reward_type), description = VALUES(description), sort_order = VALUES(sort_order);
INSERT INTO super_like_effects (character_id, affection_bonus, special_dialogue, mood_boost, temporary_compatibility_bonus, duration_hours) VALUES ('zara', 15, 1, 1, 10, 8) ON DUPLICATE KEY UPDATE character_id = VALUES(character_id), affection_bonus = VALUES(affection_bonus), special_dialogue = VALUES(special_dialogue), mood_boost = VALUES(mood_boost), temporary_compatibility_bonus = VALUES(temporary_compatibility_bonus), duration_hours = VALUES(duration_hours);
INSERT INTO super_like_effects (character_id, affection_bonus, special_dialogue, mood_boost, temporary_compatibility_bonus, duration_hours) VALUES ('kai', 12, 1, 1, 15, 6) ON DUPLICATE KEY UPDATE character_id = VALUES(character_id), affection_bonus = VALUES(affection_bonus), special_dialogue = VALUES(special_dialogue), mood_boost = VALUES(mood_boost), temporary_compatibility_bonus = VALUES(temporary_compatibility_bonus), duration_hours = VALUES(duration_hours);
INSERT INTO super_like_effects (character_id, affection_bonus, special_dialogue, mood_boost, temporary_compatibility_bonus, duration_hours) VALUES ('nova', 18, 1, 1, 8, 12) ON DUPLICATE KEY UPDATE character_id = VALUES(character_id), affection_bonus = VALUES(affection_bonus), special_dialogue = VALUES(special_dialogue), mood_boost = VALUES(mood_boost), temporary_compatibility_bonus = VALUES(temporary_compatibility_bonus), duration_hours = VALUES(duration_hours);
INSERT INTO super_like_effects (character_id, affection_bonus, special_dialogue, mood_boost, temporary_compatibility_bonus, duration_hours) VALUES ('astra', 10, 1, 1, 12, 4) ON DUPLICATE KEY UPDATE character_id = VALUES(character_id), affection_bonus = VALUES(affection_bonus), special_dialogue = VALUES(special_dialogue), mood_boost = VALUES(mood_boost), temporary_compatibility_bonus = VALUES(temporary_compatibility_bonus), duration_hours = VALUES(duration_hours);
INSERT INTO super_like_effects (character_id, affection_bonus, special_dialogue, mood_boost, temporary_compatibility_bonus, duration_hours) VALUES ('orion', 20, 1, 1, 5, 24) ON DUPLICATE KEY UPDATE character_id = VALUES(character_id), affection_bonus = VALUES(affection_bonus), special_dialogue = VALUES(special_dialogue), mood_boost = VALUES(mood_boost), temporary_compatibility_bonus = VALUES(temporary_compatibility_bonus), duration_hours = VALUES(duration_hours);
INSERT INTO super_like_effects (character_id, affection_bonus, special_dialogue, mood_boost, temporary_compatibility_bonus, duration_hours) VALUES ('luna', 14, 1, 1, 12, 10) ON DUPLICATE KEY UPDATE character_id = VALUES(character_id), affection_bonus = VALUES(affection_bonus), special_dialogue = VALUES(special_dialogue), mood_boost = VALUES(mood_boost), temporary_compatibility_bonus = VALUES(temporary_compatibility_bonus), duration_hours = VALUES(duration_hours);
INSERT INTO super_like_effects (character_id, affection_bonus, special_dialogue, mood_boost, temporary_compatibility_bonus, duration_hours) VALUES ('kyrathen', 12, 1, 1, 10, 8) ON DUPLICATE KEY UPDATE character_id = VALUES(character_id), affection_bonus = VALUES(affection_bonus), special_dialogue = VALUES(special_dialogue), mood_boost = VALUES(mood_boost), temporary_compatibility_bonus = VALUES(temporary_compatibility_bonus), duration_hours = VALUES(duration_hours);
INSERT INTO super_like_effects (character_id, affection_bonus, special_dialogue, mood_boost, temporary_compatibility_bonus, duration_hours) VALUES ('seraphina', 12, 1, 1, 10, 8) ON DUPLICATE KEY UPDATE character_id = VALUES(character_id), affection_bonus = VALUES(affection_bonus), special_dialogue = VALUES(special_dialogue), mood_boost = VALUES(mood_boost), temporary_compatibility_bonus = VALUES(temporary_compatibility_bonus), duration_hours = VALUES(duration_hours);
INSERT INTO super_like_effects (character_id, affection_bonus, special_dialogue, mood_boost, temporary_compatibility_bonus, duration_hours) VALUES ('thessarian', 12, 1, 1, 10, 8) ON DUPLICATE KEY UPDATE character_id = VALUES(character_id), affection_bonus = VALUES(affection_bonus), special_dialogue = VALUES(special_dialogue), mood_boost = VALUES(mood_boost), temporary_compatibility_bonus = VALUES(temporary_compatibility_bonus), duration_hours = VALUES(duration_hours);
INSERT INTO super_like_effects (character_id, affection_bonus, special_dialogue, mood_boost, temporary_compatibility_bonus, duration_hours) VALUES ('lyralynn', 12, 1, 1, 10, 8) ON DUPLICATE KEY UPDATE character_id = VALUES(character_id), affection_bonus = VALUES(affection_bonus), special_dialogue = VALUES(special_dialogue), mood_boost = VALUES(mood_boost), temporary_compatibility_bonus = VALUES(temporary_compatibility_bonus), duration_hours = VALUES(duration_hours);
INSERT INTO super_like_effects (character_id, affection_bonus, special_dialogue, mood_boost, temporary_compatibility_bonus, duration_hours) VALUES ('zarantha', 12, 1, 1, 10, 8) ON DUPLICATE KEY UPDATE character_id = VALUES(character_id), affection_bonus = VALUES(affection_bonus), special_dialogue = VALUES(special_dialogue), mood_boost = VALUES(mood_boost), temporary_compatibility_bonus = VALUES(temporary_compatibility_bonus), duration_hours = VALUES(duration_hours);
INSERT INTO super_like_effects (character_id, affection_bonus, special_dialogue, mood_boost, temporary_compatibility_bonus, duration_hours) VALUES ('thalassos', 12, 1, 1, 10, 8) ON DUPLICATE KEY UPDATE character_id = VALUES(character_id), affection_bonus = VALUES(affection_bonus), special_dialogue = VALUES(special_dialogue), mood_boost = VALUES(mood_boost), temporary_compatibility_bonus = VALUES(temporary_compatibility_bonus), duration_hours = VALUES(duration_hours);
INSERT INTO super_like_effects (character_id, affection_bonus, special_dialogue, mood_boost, temporary_compatibility_bonus, duration_hours) VALUES ('nightshade', 12, 1, 1, 10, 8) ON DUPLICATE KEY UPDATE character_id = VALUES(character_id), affection_bonus = VALUES(affection_bonus), special_dialogue = VALUES(special_dialogue), mood_boost = VALUES(mood_boost), temporary_compatibility_bonus = VALUES(temporary_compatibility_bonus), duration_hours = VALUES(duration_hours);
INSERT INTO super_like_effects (character_id, affection_bonus, special_dialogue, mood_boost, temporary_compatibility_bonus, duration_hours) VALUES ('kronos', 12, 1, 1, 10, 8) ON DUPLICATE KEY UPDATE character_id = VALUES(character_id), affection_bonus = VALUES(affection_bonus), special_dialogue = VALUES(special_dialogue), mood_boost = VALUES(mood_boost), temporary_compatibility_bonus = VALUES(temporary_compatibility_bonus), duration_hours = VALUES(duration_hours);
INSERT INTO super_like_responses (character_id, response_index, response_text) VALUES ('zara', 0, 'Oh wow! That''s... incredibly sweet of you. I didn''t expect such a bold gesture! 💕') ON DUPLICATE KEY UPDATE character_id = VALUES(character_id), response_index = VALUES(response_index), response_text = VALUES(response_text);
INSERT INTO super_like_responses (character_id, response_index, response_text) VALUES ('zara', 1, 'You really know how to make a warrior''s heart skip a beat. This means a lot to me.') ON DUPLICATE KEY UPDATE character_id = VALUES(character_id), response_index = VALUES(response_index), response_text = VALUES(response_text);
INSERT INTO super_like_responses (character_id, response_index, response_text) VALUES ('zara', 2, 'I''m honestly touched. Your confidence in showing your feelings like this is really attractive.') ON DUPLICATE KEY UPDATE character_id = VALUES(character_id), response_index = VALUES(response_index), response_text = VALUES(response_text);
INSERT INTO super_like_responses (character_id, response_index, response_text) VALUES ('zara', 3, 'That''s quite the romantic declaration! I have to admit, it''s working on me. 😊') ON DUPLICATE KEY UPDATE character_id = VALUES(character_id), response_index = VALUES(response_index), response_text = VALUES(response_text);
INSERT INTO super_like_responses (character_id, response_index, response_text) VALUES ('kai', 0, 'Fascinating! The statistical probability of receiving such focused attention is... actually quite thrilling! 🧠💖') ON DUPLICATE KEY UPDATE character_id = VALUES(character_id), response_index = VALUES(response_index), response_text = VALUES(response_text);
INSERT INTO super_like_responses (character_id, response_index, response_text) VALUES ('kai', 1, 'Your direct approach bypasses my usual analytical defenses. Efficiently romantic - I approve!') ON DUPLICATE KEY UPDATE character_id = VALUES(character_id), response_index = VALUES(response_index), response_text = VALUES(response_text);
INSERT INTO super_like_responses (character_id, response_index, response_text) VALUES ('kai', 2, 'I''ve run the calculations, and this gesture significantly increases my emotional investment coefficient.') ON DUPLICATE KEY UPDATE character_id = VALUES(character_id), response_index = VALUES(response_index), response_text = VALUES(response_text);
INSERT INTO super_like_responses (character_id, response_index, response_text) VALUES ('kai', 3, 'Intriguing! You''ve just activated several positive feedback loops in my affection algorithms. 💕') ON DUPLICATE KEY UPDATE character_id = VALUES(character_id), response_index = VALUES(response_index), response_text = VALUES(response_text);
INSERT INTO super_like_responses (character_id, response_index, response_text) VALUES ('nova', 0, 'Oh my... that''s so incredibly sweet! I''m literally glowing right now! ✨💕') ON DUPLICATE KEY UPDATE character_id = VALUES(character_id), response_index = VALUES(response_index), response_text = VALUES(response_text);
INSERT INTO super_like_responses (character_id, response_index, response_text) VALUES ('nova', 1, 'You just made me the happiest being in the galaxy! This is like something from my favorite romance novels!') ON DUPLICATE KEY UPDATE character_id = VALUES(character_id), response_index = VALUES(response_index), response_text = VALUES(response_text);
INSERT INTO super_like_responses (character_id, response_index, response_text) VALUES ('nova', 2, 'I... I don''t know what to say! This is the most wonderful surprise! Thank you so much! 🌸') ON DUPLICATE KEY UPDATE character_id = VALUES(character_id), response_index = VALUES(response_index), response_text = VALUES(response_text);
INSERT INTO super_like_responses (character_id, response_index, response_text) VALUES ('nova', 3, 'You''re making me blush so much I might blind someone! This is absolutely magical! 💫') ON DUPLICATE KEY UPDATE character_id = VALUES(character_id), response_index = VALUES(response_index), response_text = VALUES(response_text);
INSERT INTO super_like_responses (character_id, response_index, response_text) VALUES ('astra', 0, 'WHOA! That''s like... the ultimate power-up for my heart! You''re totally awesome! ⚡💕') ON DUPLICATE KEY UPDATE character_id = VALUES(character_id), response_index = VALUES(response_index), response_text = VALUES(response_text);
INSERT INTO super_like_responses (character_id, response_index, response_text) VALUES ('astra', 1, 'Dude, that''s SO cool! You just leveled up our whole relationship status! Epic move!') ON DUPLICATE KEY UPDATE character_id = VALUES(character_id), response_index = VALUES(response_index), response_text = VALUES(response_text);
INSERT INTO super_like_responses (character_id, response_index, response_text) VALUES ('astra', 2, 'No way! This is like getting a legendary drop but for feelings! You''re the best! 🎮💖') ON DUPLICATE KEY UPDATE character_id = VALUES(character_id), response_index = VALUES(response_index), response_text = VALUES(response_text);
INSERT INTO super_like_responses (character_id, response_index, response_text) VALUES ('astra', 3, 'That''s absolutely WILD! My heart just went into turbo mode! Thanks for being so amazing! 🚀') ON DUPLICATE KEY UPDATE character_id = VALUES(character_id), response_index = VALUES(response_index), response_text = VALUES(response_text);
INSERT INTO super_like_responses (character_id, response_index, response_text) VALUES ('orion', 0, 'Your gesture demonstrates considerable emotional intelligence. I... find myself surprisingly moved. 🌿') ON DUPLICATE KEY UPDATE character_id = VALUES(character_id), response_index = VALUES(response_index), response_text = VALUES(response_text);
INSERT INTO super_like_responses (character_id, response_index, response_text) VALUES ('orion', 1, 'This is a meaningful expression of your intentions. I appreciate the clarity of your feelings.') ON DUPLICATE KEY UPDATE character_id = VALUES(character_id), response_index = VALUES(response_index), response_text = VALUES(response_text);
INSERT INTO super_like_responses (character_id, response_index, response_text) VALUES ('orion', 2, 'Intriguing. You continue to exceed my expectations for human emotional complexity. Well done.') ON DUPLICATE KEY UPDATE character_id = VALUES(character_id), response_index = VALUES(response_index), response_text = VALUES(response_text);
INSERT INTO super_like_responses (character_id, response_index, response_text) VALUES ('orion', 3, 'I confess, this direct approach has circumvented my usual emotional shields. Quite effective. 💚') ON DUPLICATE KEY UPDATE character_id = VALUES(character_id), response_index = VALUES(response_index), response_text = VALUES(response_text);
INSERT INTO super_like_responses (character_id, response_index, response_text) VALUES ('luna', 0, 'Oh sweetie, that just melted my heart completely! You''re such a thoughtful soul! 🧡💕') ON DUPLICATE KEY UPDATE character_id = VALUES(character_id), response_index = VALUES(response_index), response_text = VALUES(response_text);
INSERT INTO super_like_responses (character_id, response_index, response_text) VALUES ('luna', 1, 'That''s the most beautiful gesture! You have such a caring spirit - it really shows!') ON DUPLICATE KEY UPDATE character_id = VALUES(character_id), response_index = VALUES(response_index), response_text = VALUES(response_text);
INSERT INTO super_like_responses (character_id, response_index, response_text) VALUES ('luna', 2, 'You just filled me with so much warmth! This is exactly the kind of loving energy I treasure! ☀️') ON DUPLICATE KEY UPDATE character_id = VALUES(character_id), response_index = VALUES(response_index), response_text = VALUES(response_text);
INSERT INTO super_like_responses (character_id, response_index, response_text) VALUES ('luna', 3, 'My heart is practically singing! You have such a gift for making others feel special! 💫') ON DUPLICATE KEY UPDATE character_id = VALUES(character_id), response_index = VALUES(response_index), response_text = VALUES(response_text);
INSERT INTO super_like_responses (character_id, response_index, response_text) VALUES ('kyrathen', 0, 'Kyra''then is visibly moved by the intensity of your attention.') ON DUPLICATE KEY UPDATE character_id = VALUES(character_id), response_index = VALUES(response_index), response_text = VALUES(response_text);
INSERT INTO super_like_responses (character_id, response_index, response_text) VALUES ('seraphina', 0, 'Seraphina Voidwhisper is visibly moved by the intensity of your attention.') ON DUPLICATE KEY UPDATE character_id = VALUES(character_id), response_index = VALUES(response_index), response_text = VALUES(response_text);
INSERT INTO super_like_responses (character_id, response_index, response_text) VALUES ('thessarian', 0, 'Dr. Thessarian Brightleaf is visibly moved by the intensity of your attention.') ON DUPLICATE KEY UPDATE character_id = VALUES(character_id), response_index = VALUES(response_index), response_text = VALUES(response_text);
INSERT INTO super_like_responses (character_id, response_index, response_text) VALUES ('lyralynn', 0, 'Lyralynn Bloomheart is visibly moved by the intensity of your attention.') ON DUPLICATE KEY UPDATE character_id = VALUES(character_id), response_index = VALUES(response_index), response_text = VALUES(response_text);
INSERT INTO super_like_responses (character_id, response_index, response_text) VALUES ('zarantha', 0, 'Commander Zarantha Scales is visibly moved by the intensity of your attention.') ON DUPLICATE KEY UPDATE character_id = VALUES(character_id), response_index = VALUES(response_index), response_text = VALUES(response_text);
INSERT INTO super_like_responses (character_id, response_index, response_text) VALUES ('thalassos', 0, 'High Priest Thalassos is visibly moved by the intensity of your attention.') ON DUPLICATE KEY UPDATE character_id = VALUES(character_id), response_index = VALUES(response_index), response_text = VALUES(response_text);
INSERT INTO super_like_responses (character_id, response_index, response_text) VALUES ('nightshade', 0, 'Nightshade Voidwalker is visibly moved by the intensity of your attention.') ON DUPLICATE KEY UPDATE character_id = VALUES(character_id), response_index = VALUES(response_index), response_text = VALUES(response_text);
INSERT INTO super_like_responses (character_id, response_index, response_text) VALUES ('kronos', 0, 'Dr. Kronos Mindweave is visibly moved by the intensity of your attention.') ON DUPLICATE KEY UPDATE character_id = VALUES(character_id), response_index = VALUES(response_index), response_text = VALUES(response_text);
INSERT INTO super_like_unlocks (character_id, dialogue_json, content_json) VALUES ('zara', '["I''ve been thinking about what you said...","You know, I don''t usually let people see this side of me...","Your boldness inspired me to be more open too."]', '["Unlocked: Warrior''s Heart conversation topic","Unlocked: Private training date option","Unlocked: Vulnerable moments dialogue branch"]') ON DUPLICATE KEY UPDATE character_id = VALUES(character_id), dialogue_json = VALUES(dialogue_json), content_json = VALUES(content_json);
INSERT INTO super_like_unlocks (character_id, dialogue_json, content_json) VALUES ('kai', '["Your emotional directness has updated my interaction protocols...","I''ve been analyzing why your gesture affected me so strongly...","Perhaps I should recalibrate my emotional output parameters..."]', '["Unlocked: Technical romance conversation topic","Unlocked: Laboratory date scenario","Unlocked: Emotion analysis dialogue branch"]') ON DUPLICATE KEY UPDATE character_id = VALUES(character_id), dialogue_json = VALUES(dialogue_json), content_json = VALUES(content_json);
INSERT INTO super_like_unlocks (character_id, dialogue_json, content_json) VALUES ('nova', '["I keep thinking about how wonderful you made me feel...","I wrote a little poem about that moment, would you like to hear it?","You inspire me to be even more expressive..."]', '["Unlocked: Poetry sharing conversation topic","Unlocked: Artistic collaboration date","Unlocked: Creative expression dialogue branch"]') ON DUPLICATE KEY UPDATE character_id = VALUES(character_id), dialogue_json = VALUES(dialogue_json), content_json = VALUES(content_json);
INSERT INTO super_like_unlocks (character_id, dialogue_json, content_json) VALUES ('astra', '["That was like the most epic relationship combo ever!","I''ve been telling everyone about how awesome you are!","Want to try something even more adventurous together?"]', '["Unlocked: Adventure buddy conversation topic","Unlocked: Extreme sports date option","Unlocked: High-energy activities dialogue branch"]') ON DUPLICATE KEY UPDATE character_id = VALUES(character_id), dialogue_json = VALUES(dialogue_json), content_json = VALUES(content_json);
INSERT INTO super_like_unlocks (character_id, dialogue_json, content_json) VALUES ('orion', '["I''ve been contemplating the implications of your emotional investment...","Your sincerity has prompted some unexpected personal revelations...","Perhaps it''s time I shared more of my own feelings..."]', '["Unlocked: Deep philosophy conversation topic","Unlocked: Meditation garden date","Unlocked: Emotional vulnerability dialogue branch"]') ON DUPLICATE KEY UPDATE character_id = VALUES(character_id), dialogue_json = VALUES(dialogue_json), content_json = VALUES(content_json);
INSERT INTO super_like_unlocks (character_id, dialogue_json, content_json) VALUES ('luna', '["Your loving gesture keeps warming my heart...","I feel so comfortable opening up to you now...","You bring out the best parts of my caring nature..."]', '["Unlocked: Nurturing bond conversation topic","Unlocked: Healing sanctuary date","Unlocked: Deep empathy dialogue branch"]') ON DUPLICATE KEY UPDATE character_id = VALUES(character_id), dialogue_json = VALUES(dialogue_json), content_json = VALUES(content_json);
INSERT INTO super_like_unlocks (character_id, dialogue_json, content_json) VALUES ('kyrathen', '["A more vulnerable conversation becomes possible."]', '["Unlocked: heightened romantic attention"]') ON DUPLICATE KEY UPDATE character_id = VALUES(character_id), dialogue_json = VALUES(dialogue_json), content_json = VALUES(content_json);
INSERT INTO super_like_unlocks (character_id, dialogue_json, content_json) VALUES ('seraphina', '["A more vulnerable conversation becomes possible."]', '["Unlocked: heightened romantic attention"]') ON DUPLICATE KEY UPDATE character_id = VALUES(character_id), dialogue_json = VALUES(dialogue_json), content_json = VALUES(content_json);
INSERT INTO super_like_unlocks (character_id, dialogue_json, content_json) VALUES ('thessarian', '["A more vulnerable conversation becomes possible."]', '["Unlocked: heightened romantic attention"]') ON DUPLICATE KEY UPDATE character_id = VALUES(character_id), dialogue_json = VALUES(dialogue_json), content_json = VALUES(content_json);
INSERT INTO super_like_unlocks (character_id, dialogue_json, content_json) VALUES ('lyralynn', '["A more vulnerable conversation becomes possible."]', '["Unlocked: heightened romantic attention"]') ON DUPLICATE KEY UPDATE character_id = VALUES(character_id), dialogue_json = VALUES(dialogue_json), content_json = VALUES(content_json);
INSERT INTO super_like_unlocks (character_id, dialogue_json, content_json) VALUES ('zarantha', '["A more vulnerable conversation becomes possible."]', '["Unlocked: heightened romantic attention"]') ON DUPLICATE KEY UPDATE character_id = VALUES(character_id), dialogue_json = VALUES(dialogue_json), content_json = VALUES(content_json);
INSERT INTO super_like_unlocks (character_id, dialogue_json, content_json) VALUES ('thalassos', '["A more vulnerable conversation becomes possible."]', '["Unlocked: heightened romantic attention"]') ON DUPLICATE KEY UPDATE character_id = VALUES(character_id), dialogue_json = VALUES(dialogue_json), content_json = VALUES(content_json);
INSERT INTO super_like_unlocks (character_id, dialogue_json, content_json) VALUES ('nightshade', '["A more vulnerable conversation becomes possible."]', '["Unlocked: heightened romantic attention"]') ON DUPLICATE KEY UPDATE character_id = VALUES(character_id), dialogue_json = VALUES(dialogue_json), content_json = VALUES(content_json);
INSERT INTO super_like_unlocks (character_id, dialogue_json, content_json) VALUES ('kronos', '["A more vulnerable conversation becomes possible."]', '["Unlocked: heightened romantic attention"]') ON DUPLICATE KEY UPDATE character_id = VALUES(character_id), dialogue_json = VALUES(dialogue_json), content_json = VALUES(content_json);
INSERT INTO conflict_templates (conflict_type, base_affection_penalty) VALUES ('values_clash', 8) ON DUPLICATE KEY UPDATE conflict_type = VALUES(conflict_type), base_affection_penalty = VALUES(base_affection_penalty);
INSERT INTO conflict_templates (conflict_type, base_affection_penalty) VALUES ('miscommunication', 5) ON DUPLICATE KEY UPDATE conflict_type = VALUES(conflict_type), base_affection_penalty = VALUES(base_affection_penalty);
INSERT INTO conflict_templates (conflict_type, base_affection_penalty) VALUES ('jealousy', 6) ON DUPLICATE KEY UPDATE conflict_type = VALUES(conflict_type), base_affection_penalty = VALUES(base_affection_penalty);
INSERT INTO conflict_templates (conflict_type, base_affection_penalty) VALUES ('expectation_mismatch', 7) ON DUPLICATE KEY UPDATE conflict_type = VALUES(conflict_type), base_affection_penalty = VALUES(base_affection_penalty);
INSERT INTO conflict_templates (conflict_type, base_affection_penalty) VALUES ('lifestyle_difference', 6) ON DUPLICATE KEY UPDATE conflict_type = VALUES(conflict_type), base_affection_penalty = VALUES(base_affection_penalty);
INSERT INTO conflict_templates (conflict_type, base_affection_penalty) VALUES ('trust_issue', 10) ON DUPLICATE KEY UPDATE conflict_type = VALUES(conflict_type), base_affection_penalty = VALUES(base_affection_penalty);
INSERT INTO conflict_template_triggers (conflict_type, trigger_text, sort_order) VALUES ('values_clash', 'disagreement on core beliefs', 0) ON DUPLICATE KEY UPDATE conflict_type = VALUES(conflict_type), trigger_text = VALUES(trigger_text), sort_order = VALUES(sort_order);
INSERT INTO conflict_template_triggers (conflict_type, trigger_text, sort_order) VALUES ('values_clash', 'moral differences', 1) ON DUPLICATE KEY UPDATE conflict_type = VALUES(conflict_type), trigger_text = VALUES(trigger_text), sort_order = VALUES(sort_order);
INSERT INTO conflict_template_triggers (conflict_type, trigger_text, sort_order) VALUES ('values_clash', 'lifestyle priorities', 2) ON DUPLICATE KEY UPDATE conflict_type = VALUES(conflict_type), trigger_text = VALUES(trigger_text), sort_order = VALUES(sort_order);
INSERT INTO conflict_template_triggers (conflict_type, trigger_text, sort_order) VALUES ('miscommunication', 'misunderstood intentions', 0) ON DUPLICATE KEY UPDATE conflict_type = VALUES(conflict_type), trigger_text = VALUES(trigger_text), sort_order = VALUES(sort_order);
INSERT INTO conflict_template_triggers (conflict_type, trigger_text, sort_order) VALUES ('miscommunication', 'poor timing', 1) ON DUPLICATE KEY UPDATE conflict_type = VALUES(conflict_type), trigger_text = VALUES(trigger_text), sort_order = VALUES(sort_order);
INSERT INTO conflict_template_triggers (conflict_type, trigger_text, sort_order) VALUES ('miscommunication', 'cultural differences', 2) ON DUPLICATE KEY UPDATE conflict_type = VALUES(conflict_type), trigger_text = VALUES(trigger_text), sort_order = VALUES(sort_order);
INSERT INTO conflict_template_triggers (conflict_type, trigger_text, sort_order) VALUES ('jealousy', 'attention to others', 0) ON DUPLICATE KEY UPDATE conflict_type = VALUES(conflict_type), trigger_text = VALUES(trigger_text), sort_order = VALUES(sort_order);
INSERT INTO conflict_template_triggers (conflict_type, trigger_text, sort_order) VALUES ('jealousy', 'past relationships', 1) ON DUPLICATE KEY UPDATE conflict_type = VALUES(conflict_type), trigger_text = VALUES(trigger_text), sort_order = VALUES(sort_order);
INSERT INTO conflict_template_triggers (conflict_type, trigger_text, sort_order) VALUES ('jealousy', 'time allocation', 2) ON DUPLICATE KEY UPDATE conflict_type = VALUES(conflict_type), trigger_text = VALUES(trigger_text), sort_order = VALUES(sort_order);
INSERT INTO conflict_template_triggers (conflict_type, trigger_text, sort_order) VALUES ('expectation_mismatch', 'relationship pace', 0) ON DUPLICATE KEY UPDATE conflict_type = VALUES(conflict_type), trigger_text = VALUES(trigger_text), sort_order = VALUES(sort_order);
INSERT INTO conflict_template_triggers (conflict_type, trigger_text, sort_order) VALUES ('expectation_mismatch', 'commitment levels', 1) ON DUPLICATE KEY UPDATE conflict_type = VALUES(conflict_type), trigger_text = VALUES(trigger_text), sort_order = VALUES(sort_order);
INSERT INTO conflict_template_triggers (conflict_type, trigger_text, sort_order) VALUES ('expectation_mismatch', 'future planning', 2) ON DUPLICATE KEY UPDATE conflict_type = VALUES(conflict_type), trigger_text = VALUES(trigger_text), sort_order = VALUES(sort_order);
INSERT INTO conflict_template_triggers (conflict_type, trigger_text, sort_order) VALUES ('lifestyle_difference', 'daily routines', 0) ON DUPLICATE KEY UPDATE conflict_type = VALUES(conflict_type), trigger_text = VALUES(trigger_text), sort_order = VALUES(sort_order);
INSERT INTO conflict_template_triggers (conflict_type, trigger_text, sort_order) VALUES ('lifestyle_difference', 'social preferences', 1) ON DUPLICATE KEY UPDATE conflict_type = VALUES(conflict_type), trigger_text = VALUES(trigger_text), sort_order = VALUES(sort_order);
INSERT INTO conflict_template_triggers (conflict_type, trigger_text, sort_order) VALUES ('lifestyle_difference', 'activity choices', 2) ON DUPLICATE KEY UPDATE conflict_type = VALUES(conflict_type), trigger_text = VALUES(trigger_text), sort_order = VALUES(sort_order);
INSERT INTO conflict_template_triggers (conflict_type, trigger_text, sort_order) VALUES ('trust_issue', 'broken promises', 0) ON DUPLICATE KEY UPDATE conflict_type = VALUES(conflict_type), trigger_text = VALUES(trigger_text), sort_order = VALUES(sort_order);
INSERT INTO conflict_template_triggers (conflict_type, trigger_text, sort_order) VALUES ('trust_issue', 'secrets revealed', 1) ON DUPLICATE KEY UPDATE conflict_type = VALUES(conflict_type), trigger_text = VALUES(trigger_text), sort_order = VALUES(sort_order);
INSERT INTO conflict_template_triggers (conflict_type, trigger_text, sort_order) VALUES ('trust_issue', 'reliability concerns', 2) ON DUPLICATE KEY UPDATE conflict_type = VALUES(conflict_type), trigger_text = VALUES(trigger_text), sort_order = VALUES(sort_order);
INSERT INTO conflict_template_descriptions (conflict_type, character_id, description) VALUES ('values_clash', 'zara', 'You and Zara have a fundamental disagreement about the role of military action in peacekeeping.') ON DUPLICATE KEY UPDATE conflict_type = VALUES(conflict_type), character_id = VALUES(character_id), description = VALUES(description);
INSERT INTO conflict_template_descriptions (conflict_type, character_id, description) VALUES ('values_clash', 'kai', 'Kai questions your approach to problem-solving, finding it too emotional rather than logical.') ON DUPLICATE KEY UPDATE conflict_type = VALUES(conflict_type), character_id = VALUES(character_id), description = VALUES(description);
INSERT INTO conflict_template_descriptions (conflict_type, character_id, description) VALUES ('values_clash', 'nova', 'Nova feels hurt that you don''t share her appreciation for artistic expression.') ON DUPLICATE KEY UPDATE conflict_type = VALUES(conflict_type), character_id = VALUES(character_id), description = VALUES(description);
INSERT INTO conflict_template_descriptions (conflict_type, character_id, description) VALUES ('values_clash', 'astra', 'Astra is frustrated by your cautious approach to taking risks and trying new things.') ON DUPLICATE KEY UPDATE conflict_type = VALUES(conflict_type), character_id = VALUES(character_id), description = VALUES(description);
INSERT INTO conflict_template_descriptions (conflict_type, character_id, description) VALUES ('values_clash', 'orion', 'Orion finds your fast-paced lifestyle incompatible with his need for contemplation.') ON DUPLICATE KEY UPDATE conflict_type = VALUES(conflict_type), character_id = VALUES(character_id), description = VALUES(description);
INSERT INTO conflict_template_descriptions (conflict_type, character_id, description) VALUES ('values_clash', 'luna', 'Luna is concerned about your competitive nature conflicting with her cooperative values.') ON DUPLICATE KEY UPDATE conflict_type = VALUES(conflict_type), character_id = VALUES(character_id), description = VALUES(description);
INSERT INTO conflict_template_descriptions (conflict_type, character_id, description) VALUES ('values_clash', 'kyrathen', 'Kyra''then feels tension around values clash and wants to address it honestly.') ON DUPLICATE KEY UPDATE conflict_type = VALUES(conflict_type), character_id = VALUES(character_id), description = VALUES(description);
INSERT INTO conflict_template_descriptions (conflict_type, character_id, description) VALUES ('values_clash', 'seraphina', 'Seraphina Voidwhisper feels tension around values clash and wants to address it honestly.') ON DUPLICATE KEY UPDATE conflict_type = VALUES(conflict_type), character_id = VALUES(character_id), description = VALUES(description);
INSERT INTO conflict_template_descriptions (conflict_type, character_id, description) VALUES ('values_clash', 'thessarian', 'Dr. Thessarian Brightleaf feels tension around values clash and wants to address it honestly.') ON DUPLICATE KEY UPDATE conflict_type = VALUES(conflict_type), character_id = VALUES(character_id), description = VALUES(description);
INSERT INTO conflict_template_descriptions (conflict_type, character_id, description) VALUES ('values_clash', 'lyralynn', 'Lyralynn Bloomheart feels tension around values clash and wants to address it honestly.') ON DUPLICATE KEY UPDATE conflict_type = VALUES(conflict_type), character_id = VALUES(character_id), description = VALUES(description);
INSERT INTO conflict_template_descriptions (conflict_type, character_id, description) VALUES ('values_clash', 'zarantha', 'Commander Zarantha Scales feels tension around values clash and wants to address it honestly.') ON DUPLICATE KEY UPDATE conflict_type = VALUES(conflict_type), character_id = VALUES(character_id), description = VALUES(description);
INSERT INTO conflict_template_descriptions (conflict_type, character_id, description) VALUES ('values_clash', 'thalassos', 'High Priest Thalassos feels tension around values clash and wants to address it honestly.') ON DUPLICATE KEY UPDATE conflict_type = VALUES(conflict_type), character_id = VALUES(character_id), description = VALUES(description);
INSERT INTO conflict_template_descriptions (conflict_type, character_id, description) VALUES ('values_clash', 'nightshade', 'Nightshade Voidwalker feels tension around values clash and wants to address it honestly.') ON DUPLICATE KEY UPDATE conflict_type = VALUES(conflict_type), character_id = VALUES(character_id), description = VALUES(description);
INSERT INTO conflict_template_descriptions (conflict_type, character_id, description) VALUES ('values_clash', 'kronos', 'Dr. Kronos Mindweave feels tension around values clash and wants to address it honestly.') ON DUPLICATE KEY UPDATE conflict_type = VALUES(conflict_type), character_id = VALUES(character_id), description = VALUES(description);
INSERT INTO conflict_template_descriptions (conflict_type, character_id, description) VALUES ('miscommunication', 'zara', 'A tactical comment you made was misinterpreted as criticism of Zara''s combat skills.') ON DUPLICATE KEY UPDATE conflict_type = VALUES(conflict_type), character_id = VALUES(character_id), description = VALUES(description);
INSERT INTO conflict_template_descriptions (conflict_type, character_id, description) VALUES ('miscommunication', 'kai', 'Your emotional expression confused Kai, who interpreted it as illogical behavior.') ON DUPLICATE KEY UPDATE conflict_type = VALUES(conflict_type), character_id = VALUES(character_id), description = VALUES(description);
INSERT INTO conflict_template_descriptions (conflict_type, character_id, description) VALUES ('miscommunication', 'nova', 'Nova misunderstood your directness as insensitivity to her feelings.') ON DUPLICATE KEY UPDATE conflict_type = VALUES(conflict_type), character_id = VALUES(character_id), description = VALUES(description);
INSERT INTO conflict_template_descriptions (conflict_type, character_id, description) VALUES ('miscommunication', 'astra', 'Your attempt at being responsible came across as trying to control Astra''s freedom.') ON DUPLICATE KEY UPDATE conflict_type = VALUES(conflict_type), character_id = VALUES(character_id), description = VALUES(description);
INSERT INTO conflict_template_descriptions (conflict_type, character_id, description) VALUES ('miscommunication', 'orion', 'Orion interpreted your enthusiasm as disrespect for his measured approach.') ON DUPLICATE KEY UPDATE conflict_type = VALUES(conflict_type), character_id = VALUES(character_id), description = VALUES(description);
INSERT INTO conflict_template_descriptions (conflict_type, character_id, description) VALUES ('miscommunication', 'luna', 'Luna felt your independence suggested you don''t value her supportive nature.') ON DUPLICATE KEY UPDATE conflict_type = VALUES(conflict_type), character_id = VALUES(character_id), description = VALUES(description);
INSERT INTO conflict_template_descriptions (conflict_type, character_id, description) VALUES ('miscommunication', 'kyrathen', 'Kyra''then feels tension around miscommunication and wants to address it honestly.') ON DUPLICATE KEY UPDATE conflict_type = VALUES(conflict_type), character_id = VALUES(character_id), description = VALUES(description);
INSERT INTO conflict_template_descriptions (conflict_type, character_id, description) VALUES ('miscommunication', 'seraphina', 'Seraphina Voidwhisper feels tension around miscommunication and wants to address it honestly.') ON DUPLICATE KEY UPDATE conflict_type = VALUES(conflict_type), character_id = VALUES(character_id), description = VALUES(description);
INSERT INTO conflict_template_descriptions (conflict_type, character_id, description) VALUES ('miscommunication', 'thessarian', 'Dr. Thessarian Brightleaf feels tension around miscommunication and wants to address it honestly.') ON DUPLICATE KEY UPDATE conflict_type = VALUES(conflict_type), character_id = VALUES(character_id), description = VALUES(description);
INSERT INTO conflict_template_descriptions (conflict_type, character_id, description) VALUES ('miscommunication', 'lyralynn', 'Lyralynn Bloomheart feels tension around miscommunication and wants to address it honestly.') ON DUPLICATE KEY UPDATE conflict_type = VALUES(conflict_type), character_id = VALUES(character_id), description = VALUES(description);
INSERT INTO conflict_template_descriptions (conflict_type, character_id, description) VALUES ('miscommunication', 'zarantha', 'Commander Zarantha Scales feels tension around miscommunication and wants to address it honestly.') ON DUPLICATE KEY UPDATE conflict_type = VALUES(conflict_type), character_id = VALUES(character_id), description = VALUES(description);
INSERT INTO conflict_template_descriptions (conflict_type, character_id, description) VALUES ('miscommunication', 'thalassos', 'High Priest Thalassos feels tension around miscommunication and wants to address it honestly.') ON DUPLICATE KEY UPDATE conflict_type = VALUES(conflict_type), character_id = VALUES(character_id), description = VALUES(description);
INSERT INTO conflict_template_descriptions (conflict_type, character_id, description) VALUES ('miscommunication', 'nightshade', 'Nightshade Voidwalker feels tension around miscommunication and wants to address it honestly.') ON DUPLICATE KEY UPDATE conflict_type = VALUES(conflict_type), character_id = VALUES(character_id), description = VALUES(description);
INSERT INTO conflict_template_descriptions (conflict_type, character_id, description) VALUES ('miscommunication', 'kronos', 'Dr. Kronos Mindweave feels tension around miscommunication and wants to address it honestly.') ON DUPLICATE KEY UPDATE conflict_type = VALUES(conflict_type), character_id = VALUES(character_id), description = VALUES(description);
INSERT INTO conflict_template_descriptions (conflict_type, character_id, description) VALUES ('jealousy', 'zara', 'Zara noticed you spending time training with other warriors and felt territorial.') ON DUPLICATE KEY UPDATE conflict_type = VALUES(conflict_type), character_id = VALUES(character_id), description = VALUES(description);
INSERT INTO conflict_template_descriptions (conflict_type, character_id, description) VALUES ('jealousy', 'kai', 'Kai calculated that you spend more processing time thinking about others.') ON DUPLICATE KEY UPDATE conflict_type = VALUES(conflict_type), character_id = VALUES(character_id), description = VALUES(description);
INSERT INTO conflict_template_descriptions (conflict_type, character_id, description) VALUES ('jealousy', 'nova', 'Nova saw you complimenting someone else''s artistic work and felt overlooked.') ON DUPLICATE KEY UPDATE conflict_type = VALUES(conflict_type), character_id = VALUES(character_id), description = VALUES(description);
INSERT INTO conflict_template_descriptions (conflict_type, character_id, description) VALUES ('jealousy', 'astra', 'Astra is jealous of your adventures with other people while she was busy.') ON DUPLICATE KEY UPDATE conflict_type = VALUES(conflict_type), character_id = VALUES(character_id), description = VALUES(description);
INSERT INTO conflict_template_descriptions (conflict_type, character_id, description) VALUES ('jealousy', 'orion', 'Orion observed your social interactions and questioned his special status.') ON DUPLICATE KEY UPDATE conflict_type = VALUES(conflict_type), character_id = VALUES(character_id), description = VALUES(description);
INSERT INTO conflict_template_descriptions (conflict_type, character_id, description) VALUES ('jealousy', 'luna', 'Luna feels you''re not prioritizing your relationship as much as she hoped.') ON DUPLICATE KEY UPDATE conflict_type = VALUES(conflict_type), character_id = VALUES(character_id), description = VALUES(description);
INSERT INTO conflict_template_descriptions (conflict_type, character_id, description) VALUES ('jealousy', 'kyrathen', 'Kyra''then feels tension around jealousy and wants to address it honestly.') ON DUPLICATE KEY UPDATE conflict_type = VALUES(conflict_type), character_id = VALUES(character_id), description = VALUES(description);
INSERT INTO conflict_template_descriptions (conflict_type, character_id, description) VALUES ('jealousy', 'seraphina', 'Seraphina Voidwhisper feels tension around jealousy and wants to address it honestly.') ON DUPLICATE KEY UPDATE conflict_type = VALUES(conflict_type), character_id = VALUES(character_id), description = VALUES(description);
INSERT INTO conflict_template_descriptions (conflict_type, character_id, description) VALUES ('jealousy', 'thessarian', 'Dr. Thessarian Brightleaf feels tension around jealousy and wants to address it honestly.') ON DUPLICATE KEY UPDATE conflict_type = VALUES(conflict_type), character_id = VALUES(character_id), description = VALUES(description);
INSERT INTO conflict_template_descriptions (conflict_type, character_id, description) VALUES ('jealousy', 'lyralynn', 'Lyralynn Bloomheart feels tension around jealousy and wants to address it honestly.') ON DUPLICATE KEY UPDATE conflict_type = VALUES(conflict_type), character_id = VALUES(character_id), description = VALUES(description);
INSERT INTO conflict_template_descriptions (conflict_type, character_id, description) VALUES ('jealousy', 'zarantha', 'Commander Zarantha Scales feels tension around jealousy and wants to address it honestly.') ON DUPLICATE KEY UPDATE conflict_type = VALUES(conflict_type), character_id = VALUES(character_id), description = VALUES(description);
INSERT INTO conflict_template_descriptions (conflict_type, character_id, description) VALUES ('jealousy', 'thalassos', 'High Priest Thalassos feels tension around jealousy and wants to address it honestly.') ON DUPLICATE KEY UPDATE conflict_type = VALUES(conflict_type), character_id = VALUES(character_id), description = VALUES(description);
INSERT INTO conflict_template_descriptions (conflict_type, character_id, description) VALUES ('jealousy', 'nightshade', 'Nightshade Voidwalker feels tension around jealousy and wants to address it honestly.') ON DUPLICATE KEY UPDATE conflict_type = VALUES(conflict_type), character_id = VALUES(character_id), description = VALUES(description);
INSERT INTO conflict_template_descriptions (conflict_type, character_id, description) VALUES ('jealousy', 'kronos', 'Dr. Kronos Mindweave feels tension around jealousy and wants to address it honestly.') ON DUPLICATE KEY UPDATE conflict_type = VALUES(conflict_type), character_id = VALUES(character_id), description = VALUES(description);
INSERT INTO conflict_template_descriptions (conflict_type, character_id, description) VALUES ('expectation_mismatch', 'zara', 'Zara expected more decisive action in your relationship progression.') ON DUPLICATE KEY UPDATE conflict_type = VALUES(conflict_type), character_id = VALUES(character_id), description = VALUES(description);
INSERT INTO conflict_template_descriptions (conflict_type, character_id, description) VALUES ('expectation_mismatch', 'kai', 'Kai''s calculated relationship timeline doesn''t match your organic approach.') ON DUPLICATE KEY UPDATE conflict_type = VALUES(conflict_type), character_id = VALUES(character_id), description = VALUES(description);
INSERT INTO conflict_template_descriptions (conflict_type, character_id, description) VALUES ('expectation_mismatch', 'nova', 'Nova hoped for more romantic gestures and feels the relationship lacks poetry.') ON DUPLICATE KEY UPDATE conflict_type = VALUES(conflict_type), character_id = VALUES(character_id), description = VALUES(description);
INSERT INTO conflict_template_descriptions (conflict_type, character_id, description) VALUES ('expectation_mismatch', 'astra', 'Astra expected more spontaneous adventures together than you''ve been having.') ON DUPLICATE KEY UPDATE conflict_type = VALUES(conflict_type), character_id = VALUES(character_id), description = VALUES(description);
INSERT INTO conflict_template_descriptions (conflict_type, character_id, description) VALUES ('expectation_mismatch', 'orion', 'Orion feels the relationship is moving too quickly for proper contemplation.') ON DUPLICATE KEY UPDATE conflict_type = VALUES(conflict_type), character_id = VALUES(character_id), description = VALUES(description);
INSERT INTO conflict_template_descriptions (conflict_type, character_id, description) VALUES ('expectation_mismatch', 'luna', 'Luna expected more emotional intimacy and feels you''re keeping distance.') ON DUPLICATE KEY UPDATE conflict_type = VALUES(conflict_type), character_id = VALUES(character_id), description = VALUES(description);
INSERT INTO conflict_template_descriptions (conflict_type, character_id, description) VALUES ('expectation_mismatch', 'kyrathen', 'Kyra''then feels tension around expectation mismatch and wants to address it honestly.') ON DUPLICATE KEY UPDATE conflict_type = VALUES(conflict_type), character_id = VALUES(character_id), description = VALUES(description);
INSERT INTO conflict_template_descriptions (conflict_type, character_id, description) VALUES ('expectation_mismatch', 'seraphina', 'Seraphina Voidwhisper feels tension around expectation mismatch and wants to address it honestly.') ON DUPLICATE KEY UPDATE conflict_type = VALUES(conflict_type), character_id = VALUES(character_id), description = VALUES(description);
INSERT INTO conflict_template_descriptions (conflict_type, character_id, description) VALUES ('expectation_mismatch', 'thessarian', 'Dr. Thessarian Brightleaf feels tension around expectation mismatch and wants to address it honestly.') ON DUPLICATE KEY UPDATE conflict_type = VALUES(conflict_type), character_id = VALUES(character_id), description = VALUES(description);
INSERT INTO conflict_template_descriptions (conflict_type, character_id, description) VALUES ('expectation_mismatch', 'lyralynn', 'Lyralynn Bloomheart feels tension around expectation mismatch and wants to address it honestly.') ON DUPLICATE KEY UPDATE conflict_type = VALUES(conflict_type), character_id = VALUES(character_id), description = VALUES(description);
INSERT INTO conflict_template_descriptions (conflict_type, character_id, description) VALUES ('expectation_mismatch', 'zarantha', 'Commander Zarantha Scales feels tension around expectation mismatch and wants to address it honestly.') ON DUPLICATE KEY UPDATE conflict_type = VALUES(conflict_type), character_id = VALUES(character_id), description = VALUES(description);
INSERT INTO conflict_template_descriptions (conflict_type, character_id, description) VALUES ('expectation_mismatch', 'thalassos', 'High Priest Thalassos feels tension around expectation mismatch and wants to address it honestly.') ON DUPLICATE KEY UPDATE conflict_type = VALUES(conflict_type), character_id = VALUES(character_id), description = VALUES(description);
INSERT INTO conflict_template_descriptions (conflict_type, character_id, description) VALUES ('expectation_mismatch', 'nightshade', 'Nightshade Voidwalker feels tension around expectation mismatch and wants to address it honestly.') ON DUPLICATE KEY UPDATE conflict_type = VALUES(conflict_type), character_id = VALUES(character_id), description = VALUES(description);
INSERT INTO conflict_template_descriptions (conflict_type, character_id, description) VALUES ('expectation_mismatch', 'kronos', 'Dr. Kronos Mindweave feels tension around expectation mismatch and wants to address it honestly.') ON DUPLICATE KEY UPDATE conflict_type = VALUES(conflict_type), character_id = VALUES(character_id), description = VALUES(description);
INSERT INTO conflict_template_descriptions (conflict_type, character_id, description) VALUES ('lifestyle_difference', 'zara', 'Your civilian schedule conflicts with Zara''s military training regimen.') ON DUPLICATE KEY UPDATE conflict_type = VALUES(conflict_type), character_id = VALUES(character_id), description = VALUES(description);
INSERT INTO conflict_template_descriptions (conflict_type, character_id, description) VALUES ('lifestyle_difference', 'kai', 'Kai''s structured approach to life clashes with your more flexible style.') ON DUPLICATE KEY UPDATE conflict_type = VALUES(conflict_type), character_id = VALUES(character_id), description = VALUES(description);
INSERT INTO conflict_template_descriptions (conflict_type, character_id, description) VALUES ('lifestyle_difference', 'nova', 'Nova''s need for creative time doesn''t align with your practical schedules.') ON DUPLICATE KEY UPDATE conflict_type = VALUES(conflict_type), character_id = VALUES(character_id), description = VALUES(description);
INSERT INTO conflict_template_descriptions (conflict_type, character_id, description) VALUES ('lifestyle_difference', 'astra', 'Astra''s high-energy lifestyle is exhausting for your more moderate pace.') ON DUPLICATE KEY UPDATE conflict_type = VALUES(conflict_type), character_id = VALUES(character_id), description = VALUES(description);
INSERT INTO conflict_template_descriptions (conflict_type, character_id, description) VALUES ('lifestyle_difference', 'orion', 'Orion''s contemplative lifestyle feels too slow for your active nature.') ON DUPLICATE KEY UPDATE conflict_type = VALUES(conflict_type), character_id = VALUES(character_id), description = VALUES(description);
INSERT INTO conflict_template_descriptions (conflict_type, character_id, description) VALUES ('lifestyle_difference', 'luna', 'Luna''s community-focused life doesn''t match your independent preferences.') ON DUPLICATE KEY UPDATE conflict_type = VALUES(conflict_type), character_id = VALUES(character_id), description = VALUES(description);
INSERT INTO conflict_template_descriptions (conflict_type, character_id, description) VALUES ('lifestyle_difference', 'kyrathen', 'Kyra''then feels tension around lifestyle difference and wants to address it honestly.') ON DUPLICATE KEY UPDATE conflict_type = VALUES(conflict_type), character_id = VALUES(character_id), description = VALUES(description);
INSERT INTO conflict_template_descriptions (conflict_type, character_id, description) VALUES ('lifestyle_difference', 'seraphina', 'Seraphina Voidwhisper feels tension around lifestyle difference and wants to address it honestly.') ON DUPLICATE KEY UPDATE conflict_type = VALUES(conflict_type), character_id = VALUES(character_id), description = VALUES(description);
INSERT INTO conflict_template_descriptions (conflict_type, character_id, description) VALUES ('lifestyle_difference', 'thessarian', 'Dr. Thessarian Brightleaf feels tension around lifestyle difference and wants to address it honestly.') ON DUPLICATE KEY UPDATE conflict_type = VALUES(conflict_type), character_id = VALUES(character_id), description = VALUES(description);
INSERT INTO conflict_template_descriptions (conflict_type, character_id, description) VALUES ('lifestyle_difference', 'lyralynn', 'Lyralynn Bloomheart feels tension around lifestyle difference and wants to address it honestly.') ON DUPLICATE KEY UPDATE conflict_type = VALUES(conflict_type), character_id = VALUES(character_id), description = VALUES(description);
INSERT INTO conflict_template_descriptions (conflict_type, character_id, description) VALUES ('lifestyle_difference', 'zarantha', 'Commander Zarantha Scales feels tension around lifestyle difference and wants to address it honestly.') ON DUPLICATE KEY UPDATE conflict_type = VALUES(conflict_type), character_id = VALUES(character_id), description = VALUES(description);
INSERT INTO conflict_template_descriptions (conflict_type, character_id, description) VALUES ('lifestyle_difference', 'thalassos', 'High Priest Thalassos feels tension around lifestyle difference and wants to address it honestly.') ON DUPLICATE KEY UPDATE conflict_type = VALUES(conflict_type), character_id = VALUES(character_id), description = VALUES(description);
INSERT INTO conflict_template_descriptions (conflict_type, character_id, description) VALUES ('lifestyle_difference', 'nightshade', 'Nightshade Voidwalker feels tension around lifestyle difference and wants to address it honestly.') ON DUPLICATE KEY UPDATE conflict_type = VALUES(conflict_type), character_id = VALUES(character_id), description = VALUES(description);
INSERT INTO conflict_template_descriptions (conflict_type, character_id, description) VALUES ('lifestyle_difference', 'kronos', 'Dr. Kronos Mindweave feels tension around lifestyle difference and wants to address it honestly.') ON DUPLICATE KEY UPDATE conflict_type = VALUES(conflict_type), character_id = VALUES(character_id), description = VALUES(description);
INSERT INTO conflict_template_descriptions (conflict_type, character_id, description) VALUES ('trust_issue', 'zara', 'Zara discovered you weren''t entirely honest about your past experiences.') ON DUPLICATE KEY UPDATE conflict_type = VALUES(conflict_type), character_id = VALUES(character_id), description = VALUES(description);
INSERT INTO conflict_template_descriptions (conflict_type, character_id, description) VALUES ('trust_issue', 'kai', 'Kai found inconsistencies in your previous statements and questions your reliability.') ON DUPLICATE KEY UPDATE conflict_type = VALUES(conflict_type), character_id = VALUES(character_id), description = VALUES(description);
INSERT INTO conflict_template_descriptions (conflict_type, character_id, description) VALUES ('trust_issue', 'nova', 'Nova feels you haven''t been emotionally honest about your feelings.') ON DUPLICATE KEY UPDATE conflict_type = VALUES(conflict_type), character_id = VALUES(character_id), description = VALUES(description);
INSERT INTO conflict_template_descriptions (conflict_type, character_id, description) VALUES ('trust_issue', 'astra', 'Astra is hurt that you didn''t trust her enough to include her in important decisions.') ON DUPLICATE KEY UPDATE conflict_type = VALUES(conflict_type), character_id = VALUES(character_id), description = VALUES(description);
INSERT INTO conflict_template_descriptions (conflict_type, character_id, description) VALUES ('trust_issue', 'orion', 'Orion senses hidden aspects of your personality and feels deceived.') ON DUPLICATE KEY UPDATE conflict_type = VALUES(conflict_type), character_id = VALUES(character_id), description = VALUES(description);
INSERT INTO conflict_template_descriptions (conflict_type, character_id, description) VALUES ('trust_issue', 'luna', 'Luna is concerned that you haven''t been fully open about your emotional needs.') ON DUPLICATE KEY UPDATE conflict_type = VALUES(conflict_type), character_id = VALUES(character_id), description = VALUES(description);
INSERT INTO conflict_template_descriptions (conflict_type, character_id, description) VALUES ('trust_issue', 'kyrathen', 'Kyra''then feels tension around trust issue and wants to address it honestly.') ON DUPLICATE KEY UPDATE conflict_type = VALUES(conflict_type), character_id = VALUES(character_id), description = VALUES(description);
INSERT INTO conflict_template_descriptions (conflict_type, character_id, description) VALUES ('trust_issue', 'seraphina', 'Seraphina Voidwhisper feels tension around trust issue and wants to address it honestly.') ON DUPLICATE KEY UPDATE conflict_type = VALUES(conflict_type), character_id = VALUES(character_id), description = VALUES(description);
INSERT INTO conflict_template_descriptions (conflict_type, character_id, description) VALUES ('trust_issue', 'thessarian', 'Dr. Thessarian Brightleaf feels tension around trust issue and wants to address it honestly.') ON DUPLICATE KEY UPDATE conflict_type = VALUES(conflict_type), character_id = VALUES(character_id), description = VALUES(description);
INSERT INTO conflict_template_descriptions (conflict_type, character_id, description) VALUES ('trust_issue', 'lyralynn', 'Lyralynn Bloomheart feels tension around trust issue and wants to address it honestly.') ON DUPLICATE KEY UPDATE conflict_type = VALUES(conflict_type), character_id = VALUES(character_id), description = VALUES(description);
INSERT INTO conflict_template_descriptions (conflict_type, character_id, description) VALUES ('trust_issue', 'zarantha', 'Commander Zarantha Scales feels tension around trust issue and wants to address it honestly.') ON DUPLICATE KEY UPDATE conflict_type = VALUES(conflict_type), character_id = VALUES(character_id), description = VALUES(description);
INSERT INTO conflict_template_descriptions (conflict_type, character_id, description) VALUES ('trust_issue', 'thalassos', 'High Priest Thalassos feels tension around trust issue and wants to address it honestly.') ON DUPLICATE KEY UPDATE conflict_type = VALUES(conflict_type), character_id = VALUES(character_id), description = VALUES(description);
INSERT INTO conflict_template_descriptions (conflict_type, character_id, description) VALUES ('trust_issue', 'nightshade', 'Nightshade Voidwalker feels tension around trust issue and wants to address it honestly.') ON DUPLICATE KEY UPDATE conflict_type = VALUES(conflict_type), character_id = VALUES(character_id), description = VALUES(description);
INSERT INTO conflict_template_descriptions (conflict_type, character_id, description) VALUES ('trust_issue', 'kronos', 'Dr. Kronos Mindweave feels tension around trust issue and wants to address it honestly.') ON DUPLICATE KEY UPDATE conflict_type = VALUES(conflict_type), character_id = VALUES(character_id), description = VALUES(description);
INSERT INTO conflict_resolution_options (option_id, method, label, description, requirements_json, preview_json, sort_order) VALUES ('apologize', 'apologize', 'Sincere Apology', 'Take full responsibility and apologize genuinely for your part in the conflict.', '{"playerStat":"empathy","minValue":60}', '{"successChance":75,"affectionChange":4,"personalityEffects":["Increases trust","May boost emotional openness"]}', 0) ON DUPLICATE KEY UPDATE option_id = VALUES(option_id), method = VALUES(method), label = VALUES(label), description = VALUES(description), requirements_json = VALUES(requirements_json), preview_json = VALUES(preview_json), sort_order = VALUES(sort_order);
INSERT INTO conflict_resolution_options (option_id, method, label, description, requirements_json, preview_json, sort_order) VALUES ('discuss', 'discuss', 'Open Discussion', 'Have an honest conversation about the issue and try to understand each other.', '{"playerStat":"charisma","minValue":50}', '{"successChance":65,"affectionChange":6,"personalityEffects":["Improves communication","Builds understanding"]}', 1) ON DUPLICATE KEY UPDATE option_id = VALUES(option_id), method = VALUES(method), label = VALUES(label), description = VALUES(description), requirements_json = VALUES(requirements_json), preview_json = VALUES(preview_json), sort_order = VALUES(sort_order);
INSERT INTO conflict_resolution_options (option_id, method, label, description, requirements_json, preview_json, sort_order) VALUES ('compromise', 'compromise', 'Find Middle Ground', 'Work together to find a solution that addresses both of your concerns.', '{"playerStat":"intelligence","minValue":65}', '{"successChance":80,"affectionChange":8,"personalityEffects":["Increases flexibility","Builds cooperation skills"]}', 2) ON DUPLICATE KEY UPDATE option_id = VALUES(option_id), method = VALUES(method), label = VALUES(label), description = VALUES(description), requirements_json = VALUES(requirements_json), preview_json = VALUES(preview_json), sort_order = VALUES(sort_order);
INSERT INTO conflict_resolution_options (option_id, method, label, description, requirements_json, preview_json, sort_order) VALUES ('gift', 'gift', 'Thoughtful Gesture', 'Show your care through a meaningful gift or special action.', 'null', '{"successChance":60,"affectionChange":3,"personalityEffects":["May improve mood temporarily","Shows care"]}', 3) ON DUPLICATE KEY UPDATE option_id = VALUES(option_id), method = VALUES(method), label = VALUES(label), description = VALUES(description), requirements_json = VALUES(requirements_json), preview_json = VALUES(preview_json), sort_order = VALUES(sort_order);
INSERT INTO conflict_resolution_options (option_id, method, label, description, requirements_json, preview_json, sort_order) VALUES ('time_apart', 'time_apart', 'Give Space', 'Allow some time and distance for emotions to settle before reconnecting.', 'null', '{"successChance":55,"affectionChange":2,"personalityEffects":["Allows reflection","May increase independence"]}', 4) ON DUPLICATE KEY UPDATE option_id = VALUES(option_id), method = VALUES(method), label = VALUES(label), description = VALUES(description), requirements_json = VALUES(requirements_json), preview_json = VALUES(preview_json), sort_order = VALUES(sort_order);
INSERT INTO conflict_resolution_options (option_id, method, label, description, requirements_json, preview_json, sort_order) VALUES ('ignore', 'ignore', 'Ignore the Issue', 'Act like nothing happened and hope the problem resolves itself.', 'null', '{"successChance":25,"affectionChange":-2,"personalityEffects":["May decrease trust","Could create resentment"]}', 5) ON DUPLICATE KEY UPDATE option_id = VALUES(option_id), method = VALUES(method), label = VALUES(label), description = VALUES(description), requirements_json = VALUES(requirements_json), preview_json = VALUES(preview_json), sort_order = VALUES(sort_order);
INSERT INTO character_resolution_options (character_id, option_id, method, label, description, requirements_json, preview_json, sort_order) VALUES ('zara', 'warrior_respect', 'discuss', 'Warrior''s Honor', 'Appeal to her sense of honor and acknowledge her strength.', '{"characterAffection":40}', '{"successChance":85,"affectionChange":10,"personalityEffects":["Greatly increases respect","Boosts confidence"]}', 0) ON DUPLICATE KEY UPDATE character_id = VALUES(character_id), option_id = VALUES(option_id), method = VALUES(method), label = VALUES(label), description = VALUES(description), requirements_json = VALUES(requirements_json), preview_json = VALUES(preview_json), sort_order = VALUES(sort_order);
INSERT INTO character_resolution_options (character_id, option_id, method, label, description, requirements_json, preview_json, sort_order) VALUES ('kai', 'logical_analysis', 'discuss', 'Logical Analysis', 'Present a systematic analysis of the conflict and proposed solutions.', '{"playerStat":"intelligence","minValue":75}', '{"successChance":90,"affectionChange":12,"personalityEffects":["Appreciates logic","Increases analytical trust"]}', 0) ON DUPLICATE KEY UPDATE character_id = VALUES(character_id), option_id = VALUES(option_id), method = VALUES(method), label = VALUES(label), description = VALUES(description), requirements_json = VALUES(requirements_json), preview_json = VALUES(preview_json), sort_order = VALUES(sort_order);
INSERT INTO character_resolution_options (character_id, option_id, method, label, description, requirements_json, preview_json, sort_order) VALUES ('nova', 'artistic_expression', 'gift', 'Creative Apology', 'Express your feelings through art, poetry, or another creative medium.', 'null', '{"successChance":80,"affectionChange":9,"personalityEffects":["Deeply touches emotions","Increases expressiveness"]}', 0) ON DUPLICATE KEY UPDATE character_id = VALUES(character_id), option_id = VALUES(option_id), method = VALUES(method), label = VALUES(label), description = VALUES(description), requirements_json = VALUES(requirements_json), preview_json = VALUES(preview_json), sort_order = VALUES(sort_order);
INSERT INTO character_resolution_options (character_id, option_id, method, label, description, requirements_json, preview_json, sort_order) VALUES ('astra', 'adventure_solution', 'compromise', 'Adventure Together', 'Suggest an exciting shared activity to work through the conflict.', '{"playerStat":"adventure","minValue":60}', '{"successChance":85,"affectionChange":11,"personalityEffects":["Boosts excitement","Increases spontaneity"]}', 0) ON DUPLICATE KEY UPDATE character_id = VALUES(character_id), option_id = VALUES(option_id), method = VALUES(method), label = VALUES(label), description = VALUES(description), requirements_json = VALUES(requirements_json), preview_json = VALUES(preview_json), sort_order = VALUES(sort_order);
INSERT INTO character_resolution_options (character_id, option_id, method, label, description, requirements_json, preview_json, sort_order) VALUES ('orion', 'meditative_discussion', 'time_apart', 'Contemplative Approach', 'Suggest a period of reflection followed by a thoughtful discussion.', 'null', '{"successChance":75,"affectionChange":7,"personalityEffects":["Appreciates patience","Deepens thoughtfulness"]}', 0) ON DUPLICATE KEY UPDATE character_id = VALUES(character_id), option_id = VALUES(option_id), method = VALUES(method), label = VALUES(label), description = VALUES(description), requirements_json = VALUES(requirements_json), preview_json = VALUES(preview_json), sort_order = VALUES(sort_order);
INSERT INTO character_resolution_options (character_id, option_id, method, label, description, requirements_json, preview_json, sort_order) VALUES ('luna', 'healing_focus', 'apologize', 'Healing Together', 'Focus on emotional healing and mutual care for each other.', '{"playerStat":"empathy","minValue":70}', '{"successChance":88,"affectionChange":10,"personalityEffects":["Increases warmth","Builds emotional connection"]}', 0) ON DUPLICATE KEY UPDATE character_id = VALUES(character_id), option_id = VALUES(option_id), method = VALUES(method), label = VALUES(label), description = VALUES(description), requirements_json = VALUES(requirements_json), preview_json = VALUES(preview_json), sort_order = VALUES(sort_order);
INSERT INTO icebreaker_messages (icebreaker_id, character_id, category, message, context_json, effectiveness, sort_order) VALUES ('zara_compliment_1', 'zara', 'compliment', 'Your combat techniques are absolutely incredible. I''ve never seen anyone move with such precision and power.', '{"requiredAffection":10,"characterPersonality":["confident","warrior"]}', 85, 0) ON DUPLICATE KEY UPDATE icebreaker_id = VALUES(icebreaker_id), character_id = VALUES(character_id), category = VALUES(category), message = VALUES(message), context_json = VALUES(context_json), effectiveness = VALUES(effectiveness), sort_order = VALUES(sort_order);
INSERT INTO icebreaker_messages (icebreaker_id, character_id, category, message, context_json, effectiveness, sort_order) VALUES ('zara_compliment_2', 'zara', 'compliment', 'The way you carry yourself with such strength and confidence is really attractive.', '{"requiredAffection":25,"characterPersonality":["confident"]}', 78, 1) ON DUPLICATE KEY UPDATE icebreaker_id = VALUES(icebreaker_id), character_id = VALUES(character_id), category = VALUES(category), message = VALUES(message), context_json = VALUES(context_json), effectiveness = VALUES(effectiveness), sort_order = VALUES(sort_order);
INSERT INTO icebreaker_messages (icebreaker_id, character_id, category, message, context_json, effectiveness, sort_order) VALUES ('zara_question_1', 'zara', 'question', 'What''s the most challenging battle you''ve ever faced, and how did you overcome it?', '{"requiredAffection":15,"basedOnInterest":"combat training"}', 82, 2) ON DUPLICATE KEY UPDATE icebreaker_id = VALUES(icebreaker_id), character_id = VALUES(character_id), category = VALUES(category), message = VALUES(message), context_json = VALUES(context_json), effectiveness = VALUES(effectiveness), sort_order = VALUES(sort_order);
INSERT INTO icebreaker_messages (icebreaker_id, character_id, category, message, context_json, effectiveness, sort_order) VALUES ('zara_question_2', 'zara', 'question', 'Do you ever find it difficult to balance your warrior life with your personal relationships?', '{"requiredAffection":40,"characterPersonality":["warrior","complex"]}', 88, 3) ON DUPLICATE KEY UPDATE icebreaker_id = VALUES(icebreaker_id), character_id = VALUES(character_id), category = VALUES(category), message = VALUES(message), context_json = VALUES(context_json), effectiveness = VALUES(effectiveness), sort_order = VALUES(sort_order);
INSERT INTO icebreaker_messages (icebreaker_id, character_id, category, message, context_json, effectiveness, sort_order) VALUES ('zara_interest_1', 'zara', 'shared_interest', 'I''ve been thinking about taking up combat training myself. Would you be willing to teach me some basics?', '{"requiredAffection":20,"basedOnInterest":"combat training"}', 90, 4) ON DUPLICATE KEY UPDATE icebreaker_id = VALUES(icebreaker_id), character_id = VALUES(character_id), category = VALUES(category), message = VALUES(message), context_json = VALUES(context_json), effectiveness = VALUES(effectiveness), sort_order = VALUES(sort_order);
INSERT INTO icebreaker_messages (icebreaker_id, character_id, category, message, context_json, effectiveness, sort_order) VALUES ('zara_humor_1', 'zara', 'humor', 'I bet you could take on a whole army with just a stern look and that impressive stance of yours!', '{"requiredAffection":30,"basedOnMood":"cheerful"}', 75, 5) ON DUPLICATE KEY UPDATE icebreaker_id = VALUES(icebreaker_id), character_id = VALUES(character_id), category = VALUES(category), message = VALUES(message), context_json = VALUES(context_json), effectiveness = VALUES(effectiveness), sort_order = VALUES(sort_order);
INSERT INTO icebreaker_messages (icebreaker_id, character_id, category, message, context_json, effectiveness, sort_order) VALUES ('zara_observation_1', 'zara', 'observation', 'I notice you''re always so focused during training. Your dedication is really inspiring.', '{"requiredAffection":5,"timeOfDay":"morning"}', 70, 6) ON DUPLICATE KEY UPDATE icebreaker_id = VALUES(icebreaker_id), character_id = VALUES(character_id), category = VALUES(category), message = VALUES(message), context_json = VALUES(context_json), effectiveness = VALUES(effectiveness), sort_order = VALUES(sort_order);
INSERT INTO icebreaker_messages (icebreaker_id, character_id, category, message, context_json, effectiveness, sort_order) VALUES ('zara_culture_1', 'zara', 'cultural_exchange', 'I''d love to learn more about Zelarian warrior traditions. Are there any customs I should know about?', '{"requiredAffection":35,"characterPersonality":["traditional"]}', 85, 7) ON DUPLICATE KEY UPDATE icebreaker_id = VALUES(icebreaker_id), character_id = VALUES(character_id), category = VALUES(category), message = VALUES(message), context_json = VALUES(context_json), effectiveness = VALUES(effectiveness), sort_order = VALUES(sort_order);
INSERT INTO icebreaker_messages (icebreaker_id, character_id, category, message, context_json, effectiveness, sort_order) VALUES ('kai_compliment_1', 'kai', 'compliment', 'Your analytical mind is fascinating. The way you approach problems with such logical precision is really impressive.', '{"requiredAffection":10,"characterPersonality":["logical","analytical"]}', 88, 8) ON DUPLICATE KEY UPDATE icebreaker_id = VALUES(icebreaker_id), character_id = VALUES(character_id), category = VALUES(category), message = VALUES(message), context_json = VALUES(context_json), effectiveness = VALUES(effectiveness), sort_order = VALUES(sort_order);
INSERT INTO icebreaker_messages (icebreaker_id, character_id, category, message, context_json, effectiveness, sort_order) VALUES ('kai_compliment_2', 'kai', 'compliment', 'I admire how you can find patterns and solutions that others miss. Your intelligence is quite attractive.', '{"requiredAffection":25,"characterPersonality":["intelligent"]}', 82, 9) ON DUPLICATE KEY UPDATE icebreaker_id = VALUES(icebreaker_id), character_id = VALUES(character_id), category = VALUES(category), message = VALUES(message), context_json = VALUES(context_json), effectiveness = VALUES(effectiveness), sort_order = VALUES(sort_order);
INSERT INTO icebreaker_messages (icebreaker_id, character_id, category, message, context_json, effectiveness, sort_order) VALUES ('kai_question_1', 'kai', 'question', 'What''s the most elegant algorithm or solution you''ve ever developed?', '{"requiredAffection":15,"basedOnInterest":"technology"}', 85, 10) ON DUPLICATE KEY UPDATE icebreaker_id = VALUES(icebreaker_id), character_id = VALUES(character_id), category = VALUES(category), message = VALUES(message), context_json = VALUES(context_json), effectiveness = VALUES(effectiveness), sort_order = VALUES(sort_order);
INSERT INTO icebreaker_messages (icebreaker_id, character_id, category, message, context_json, effectiveness, sort_order) VALUES ('kai_question_2', 'kai', 'question', 'How do you process emotions alongside your logical thinking? I''m curious about your internal algorithms.', '{"requiredAffection":45,"characterPersonality":["logical","emotional_complexity"]}', 92, 11) ON DUPLICATE KEY UPDATE icebreaker_id = VALUES(icebreaker_id), character_id = VALUES(character_id), category = VALUES(category), message = VALUES(message), context_json = VALUES(context_json), effectiveness = VALUES(effectiveness), sort_order = VALUES(sort_order);
INSERT INTO icebreaker_messages (icebreaker_id, character_id, category, message, context_json, effectiveness, sort_order) VALUES ('kai_interest_1', 'kai', 'shared_interest', 'I''ve been working on a complex problem and could use your analytical perspective. Want to collaborate?', '{"requiredAffection":20,"basedOnInterest":"problem_solving"}', 90, 12) ON DUPLICATE KEY UPDATE icebreaker_id = VALUES(icebreaker_id), character_id = VALUES(character_id), category = VALUES(category), message = VALUES(message), context_json = VALUES(context_json), effectiveness = VALUES(effectiveness), sort_order = VALUES(sort_order);
INSERT INTO icebreaker_messages (icebreaker_id, character_id, category, message, context_json, effectiveness, sort_order) VALUES ('kai_humor_1', 'kai', 'humor', 'I bet your brain runs on the most efficient emotional processing algorithms in the galaxy!', '{"requiredAffection":30,"basedOnMood":"analytical"}', 78, 13) ON DUPLICATE KEY UPDATE icebreaker_id = VALUES(icebreaker_id), character_id = VALUES(character_id), category = VALUES(category), message = VALUES(message), context_json = VALUES(context_json), effectiveness = VALUES(effectiveness), sort_order = VALUES(sort_order);
INSERT INTO icebreaker_messages (icebreaker_id, character_id, category, message, context_json, effectiveness, sort_order) VALUES ('kai_observation_1', 'kai', 'observation', 'I notice how you pause to process information before responding. It shows real thoughtfulness.', '{"requiredAffection":5,"timeOfDay":"afternoon"}', 72, 14) ON DUPLICATE KEY UPDATE icebreaker_id = VALUES(icebreaker_id), character_id = VALUES(character_id), category = VALUES(category), message = VALUES(message), context_json = VALUES(context_json), effectiveness = VALUES(effectiveness), sort_order = VALUES(sort_order);
INSERT INTO icebreaker_messages (icebreaker_id, character_id, category, message, context_json, effectiveness, sort_order) VALUES ('kai_culture_1', 'kai', 'cultural_exchange', 'How do Andromedans integrate logic and emotion in your society? I''m fascinated by your dual nature.', '{"requiredAffection":35,"characterPersonality":["cultural"]}', 87, 15) ON DUPLICATE KEY UPDATE icebreaker_id = VALUES(icebreaker_id), character_id = VALUES(character_id), category = VALUES(category), message = VALUES(message), context_json = VALUES(context_json), effectiveness = VALUES(effectiveness), sort_order = VALUES(sort_order);
INSERT INTO icebreaker_messages (icebreaker_id, character_id, category, message, context_json, effectiveness, sort_order) VALUES ('nova_compliment_1', 'nova', 'compliment', 'Your artistic vision is absolutely breathtaking. You see beauty in ways that completely enchant me.', '{"requiredAffection":10,"basedOnInterest":"art"}', 90, 16) ON DUPLICATE KEY UPDATE icebreaker_id = VALUES(icebreaker_id), character_id = VALUES(character_id), category = VALUES(category), message = VALUES(message), context_json = VALUES(context_json), effectiveness = VALUES(effectiveness), sort_order = VALUES(sort_order);
INSERT INTO icebreaker_messages (icebreaker_id, character_id, category, message, context_json, effectiveness, sort_order) VALUES ('nova_compliment_2', 'nova', 'compliment', 'When you light up talking about your passions, you become even more radiant than usual.', '{"requiredAffection":25,"basedOnMood":"excited"}', 85, 17) ON DUPLICATE KEY UPDATE icebreaker_id = VALUES(icebreaker_id), character_id = VALUES(character_id), category = VALUES(category), message = VALUES(message), context_json = VALUES(context_json), effectiveness = VALUES(effectiveness), sort_order = VALUES(sort_order);
INSERT INTO icebreaker_messages (icebreaker_id, character_id, category, message, context_json, effectiveness, sort_order) VALUES ('nova_question_1', 'nova', 'question', 'What inspires your art the most? I''d love to understand your creative process.', '{"requiredAffection":15,"basedOnInterest":"creative_expression"}', 88, 18) ON DUPLICATE KEY UPDATE icebreaker_id = VALUES(icebreaker_id), character_id = VALUES(character_id), category = VALUES(category), message = VALUES(message), context_json = VALUES(context_json), effectiveness = VALUES(effectiveness), sort_order = VALUES(sort_order);
INSERT INTO icebreaker_messages (icebreaker_id, character_id, category, message, context_json, effectiveness, sort_order) VALUES ('nova_question_2', 'nova', 'question', 'Do you ever feel like your emotions are too intense for others to understand?', '{"requiredAffection":40,"characterPersonality":["sensitive","emotional"]}', 92, 19) ON DUPLICATE KEY UPDATE icebreaker_id = VALUES(icebreaker_id), character_id = VALUES(character_id), category = VALUES(category), message = VALUES(message), context_json = VALUES(context_json), effectiveness = VALUES(effectiveness), sort_order = VALUES(sort_order);
INSERT INTO icebreaker_messages (icebreaker_id, character_id, category, message, context_json, effectiveness, sort_order) VALUES ('nova_interest_1', 'nova', 'shared_interest', 'I''d love to create something beautiful together. Maybe you could teach me about your artistic techniques?', '{"requiredAffection":20,"basedOnInterest":"art"}', 94, 20) ON DUPLICATE KEY UPDATE icebreaker_id = VALUES(icebreaker_id), character_id = VALUES(character_id), category = VALUES(category), message = VALUES(message), context_json = VALUES(context_json), effectiveness = VALUES(effectiveness), sort_order = VALUES(sort_order);
INSERT INTO icebreaker_messages (icebreaker_id, character_id, category, message, context_json, effectiveness, sort_order) VALUES ('nova_humor_1', 'nova', 'humor', 'I think you could make even a grocery list sound like beautiful poetry!', '{"requiredAffection":30,"basedOnMood":"cheerful"}', 80, 21) ON DUPLICATE KEY UPDATE icebreaker_id = VALUES(icebreaker_id), character_id = VALUES(character_id), category = VALUES(category), message = VALUES(message), context_json = VALUES(context_json), effectiveness = VALUES(effectiveness), sort_order = VALUES(sort_order);
INSERT INTO icebreaker_messages (icebreaker_id, character_id, category, message, context_json, effectiveness, sort_order) VALUES ('nova_observation_1', 'nova', 'observation', 'I love watching you work on your art. The concentration and passion in your expression is captivating.', '{"requiredAffection":5,"timeOfDay":"evening"}', 78, 22) ON DUPLICATE KEY UPDATE icebreaker_id = VALUES(icebreaker_id), character_id = VALUES(character_id), category = VALUES(category), message = VALUES(message), context_json = VALUES(context_json), effectiveness = VALUES(effectiveness), sort_order = VALUES(sort_order);
INSERT INTO icebreaker_messages (icebreaker_id, character_id, category, message, context_json, effectiveness, sort_order) VALUES ('nova_culture_1', 'nova', 'cultural_exchange', 'What role does art play in Lunarian culture? I''d love to experience your world through your eyes.', '{"requiredAffection":35,"characterPersonality":["artistic","cultural"]}', 89, 23) ON DUPLICATE KEY UPDATE icebreaker_id = VALUES(icebreaker_id), character_id = VALUES(character_id), category = VALUES(category), message = VALUES(message), context_json = VALUES(context_json), effectiveness = VALUES(effectiveness), sort_order = VALUES(sort_order);
INSERT INTO icebreaker_messages (icebreaker_id, character_id, category, message, context_json, effectiveness, sort_order) VALUES ('astra_compliment_1', 'astra', 'compliment', 'Your energy is absolutely infectious! You make everything seem like an exciting adventure.', '{"requiredAffection":10,"characterPersonality":["energetic","adventurous"]}', 85, 24) ON DUPLICATE KEY UPDATE icebreaker_id = VALUES(icebreaker_id), character_id = VALUES(character_id), category = VALUES(category), message = VALUES(message), context_json = VALUES(context_json), effectiveness = VALUES(effectiveness), sort_order = VALUES(sort_order);
INSERT INTO icebreaker_messages (icebreaker_id, character_id, category, message, context_json, effectiveness, sort_order) VALUES ('astra_question_1', 'astra', 'question', 'What''s the wildest adventure you''ve ever been on? I bet it''s an amazing story!', '{"requiredAffection":15,"basedOnInterest":"adventure"}', 88, 25) ON DUPLICATE KEY UPDATE icebreaker_id = VALUES(icebreaker_id), character_id = VALUES(character_id), category = VALUES(category), message = VALUES(message), context_json = VALUES(context_json), effectiveness = VALUES(effectiveness), sort_order = VALUES(sort_order);
INSERT INTO icebreaker_messages (icebreaker_id, character_id, category, message, context_json, effectiveness, sort_order) VALUES ('astra_interest_1', 'astra', 'shared_interest', 'Want to try something totally crazy and fun together? I have some wild ideas!', '{"requiredAffection":20,"basedOnInterest":"thrill_seeking"}', 92, 26) ON DUPLICATE KEY UPDATE icebreaker_id = VALUES(icebreaker_id), character_id = VALUES(character_id), category = VALUES(category), message = VALUES(message), context_json = VALUES(context_json), effectiveness = VALUES(effectiveness), sort_order = VALUES(sort_order);
INSERT INTO icebreaker_messages (icebreaker_id, character_id, category, message, context_json, effectiveness, sort_order) VALUES ('astra_humor_1', 'astra', 'humor', 'I bet you could turn waiting in line into an extreme sport somehow!', '{"requiredAffection":30,"basedOnMood":"excited"}', 82, 27) ON DUPLICATE KEY UPDATE icebreaker_id = VALUES(icebreaker_id), character_id = VALUES(character_id), category = VALUES(category), message = VALUES(message), context_json = VALUES(context_json), effectiveness = VALUES(effectiveness), sort_order = VALUES(sort_order);
INSERT INTO icebreaker_messages (icebreaker_id, character_id, category, message, context_json, effectiveness, sort_order) VALUES ('astra_observation_1', 'astra', 'observation', 'You never seem to run out of energy! It''s like you have your own personal power core.', '{"requiredAffection":5,"timeOfDay":"morning"}', 75, 28) ON DUPLICATE KEY UPDATE icebreaker_id = VALUES(icebreaker_id), character_id = VALUES(character_id), category = VALUES(category), message = VALUES(message), context_json = VALUES(context_json), effectiveness = VALUES(effectiveness), sort_order = VALUES(sort_order);
INSERT INTO icebreaker_messages (icebreaker_id, character_id, category, message, context_json, effectiveness, sort_order) VALUES ('astra_culture_1', 'astra', 'cultural_exchange', 'Are all Stellarians as adventurous as you? Your culture must be incredibly exciting!', '{"requiredAffection":35,"characterPersonality":["adventurous"]}', 80, 29) ON DUPLICATE KEY UPDATE icebreaker_id = VALUES(icebreaker_id), character_id = VALUES(character_id), category = VALUES(category), message = VALUES(message), context_json = VALUES(context_json), effectiveness = VALUES(effectiveness), sort_order = VALUES(sort_order);
INSERT INTO icebreaker_messages (icebreaker_id, character_id, category, message, context_json, effectiveness, sort_order) VALUES ('orion_compliment_1', 'orion', 'compliment', 'Your wisdom and thoughtfulness bring such peace to my mind. You have a truly calming presence.', '{"requiredAffection":10,"characterPersonality":["wise","calm"]}', 87, 30) ON DUPLICATE KEY UPDATE icebreaker_id = VALUES(icebreaker_id), character_id = VALUES(character_id), category = VALUES(category), message = VALUES(message), context_json = VALUES(context_json), effectiveness = VALUES(effectiveness), sort_order = VALUES(sort_order);
INSERT INTO icebreaker_messages (icebreaker_id, character_id, category, message, context_json, effectiveness, sort_order) VALUES ('orion_question_1', 'orion', 'question', 'What philosophical questions occupy your thoughts the most? I find your perspective fascinating.', '{"requiredAffection":15,"basedOnInterest":"philosophy"}', 90, 31) ON DUPLICATE KEY UPDATE icebreaker_id = VALUES(icebreaker_id), character_id = VALUES(character_id), category = VALUES(category), message = VALUES(message), context_json = VALUES(context_json), effectiveness = VALUES(effectiveness), sort_order = VALUES(sort_order);
INSERT INTO icebreaker_messages (icebreaker_id, character_id, category, message, context_json, effectiveness, sort_order) VALUES ('orion_interest_1', 'orion', 'shared_interest', 'I''d love to meditate or contemplate life''s mysteries with you sometime.', '{"requiredAffection":20,"basedOnInterest":"meditation"}', 85, 32) ON DUPLICATE KEY UPDATE icebreaker_id = VALUES(icebreaker_id), character_id = VALUES(character_id), category = VALUES(category), message = VALUES(message), context_json = VALUES(context_json), effectiveness = VALUES(effectiveness), sort_order = VALUES(sort_order);
INSERT INTO icebreaker_messages (icebreaker_id, character_id, category, message, context_json, effectiveness, sort_order) VALUES ('orion_humor_1', 'orion', 'humor', 'I think you could find profound meaning in watching paint dry!', '{"requiredAffection":40,"basedOnMood":"neutral"}', 70, 33) ON DUPLICATE KEY UPDATE icebreaker_id = VALUES(icebreaker_id), character_id = VALUES(character_id), category = VALUES(category), message = VALUES(message), context_json = VALUES(context_json), effectiveness = VALUES(effectiveness), sort_order = VALUES(sort_order);
INSERT INTO icebreaker_messages (icebreaker_id, character_id, category, message, context_json, effectiveness, sort_order) VALUES ('orion_observation_1', 'orion', 'observation', 'I admire how you always take time to really think before speaking. It shows great wisdom.', '{"requiredAffection":5,"timeOfDay":"evening"}', 82, 34) ON DUPLICATE KEY UPDATE icebreaker_id = VALUES(icebreaker_id), character_id = VALUES(character_id), category = VALUES(category), message = VALUES(message), context_json = VALUES(context_json), effectiveness = VALUES(effectiveness), sort_order = VALUES(sort_order);
INSERT INTO icebreaker_messages (icebreaker_id, character_id, category, message, context_json, effectiveness, sort_order) VALUES ('orion_culture_1', 'orion', 'cultural_exchange', 'How do Voidborn approach the concept of inner peace? I''d love to learn from your traditions.', '{"requiredAffection":35,"characterPersonality":["philosophical"]}', 88, 35) ON DUPLICATE KEY UPDATE icebreaker_id = VALUES(icebreaker_id), character_id = VALUES(character_id), category = VALUES(category), message = VALUES(message), context_json = VALUES(context_json), effectiveness = VALUES(effectiveness), sort_order = VALUES(sort_order);
INSERT INTO icebreaker_messages (icebreaker_id, character_id, category, message, context_json, effectiveness, sort_order) VALUES ('luna_compliment_1', 'luna', 'compliment', 'Your caring nature and warm spirit make everyone around you feel valued and loved.', '{"requiredAffection":10,"characterPersonality":["caring","warm"]}', 89, 36) ON DUPLICATE KEY UPDATE icebreaker_id = VALUES(icebreaker_id), character_id = VALUES(character_id), category = VALUES(category), message = VALUES(message), context_json = VALUES(context_json), effectiveness = VALUES(effectiveness), sort_order = VALUES(sort_order);
INSERT INTO icebreaker_messages (icebreaker_id, character_id, category, message, context_json, effectiveness, sort_order) VALUES ('luna_question_1', 'luna', 'question', 'How do you always know exactly what people need to feel better? You have such an intuitive gift.', '{"requiredAffection":15,"basedOnInterest":"helping_others"}', 86, 37) ON DUPLICATE KEY UPDATE icebreaker_id = VALUES(icebreaker_id), character_id = VALUES(character_id), category = VALUES(category), message = VALUES(message), context_json = VALUES(context_json), effectiveness = VALUES(effectiveness), sort_order = VALUES(sort_order);
INSERT INTO icebreaker_messages (icebreaker_id, character_id, category, message, context_json, effectiveness, sort_order) VALUES ('luna_interest_1', 'luna', 'shared_interest', 'I''d love to help you with your healing work. Maybe we could help others together?', '{"requiredAffection":20,"basedOnInterest":"healing"}', 92, 38) ON DUPLICATE KEY UPDATE icebreaker_id = VALUES(icebreaker_id), character_id = VALUES(character_id), category = VALUES(category), message = VALUES(message), context_json = VALUES(context_json), effectiveness = VALUES(effectiveness), sort_order = VALUES(sort_order);
INSERT INTO icebreaker_messages (icebreaker_id, character_id, category, message, context_json, effectiveness, sort_order) VALUES ('luna_humor_1', 'luna', 'humor', 'I think you could probably heal a broken heart just with one of your amazing hugs!', '{"requiredAffection":30,"basedOnMood":"cheerful"}', 83, 39) ON DUPLICATE KEY UPDATE icebreaker_id = VALUES(icebreaker_id), character_id = VALUES(character_id), category = VALUES(category), message = VALUES(message), context_json = VALUES(context_json), effectiveness = VALUES(effectiveness), sort_order = VALUES(sort_order);
INSERT INTO icebreaker_messages (icebreaker_id, character_id, category, message, context_json, effectiveness, sort_order) VALUES ('luna_observation_1', 'luna', 'observation', 'I love how your eyes light up when you''re helping someone. Your compassion is beautiful.', '{"requiredAffection":5,"timeOfDay":"afternoon"}', 85, 40) ON DUPLICATE KEY UPDATE icebreaker_id = VALUES(icebreaker_id), character_id = VALUES(character_id), category = VALUES(category), message = VALUES(message), context_json = VALUES(context_json), effectiveness = VALUES(effectiveness), sort_order = VALUES(sort_order);
INSERT INTO icebreaker_messages (icebreaker_id, character_id, category, message, context_json, effectiveness, sort_order) VALUES ('luna_culture_1', 'luna', 'cultural_exchange', 'What healing traditions do Aureliaths practice? I''d love to learn about your culture''s approach to wellness.', '{"requiredAffection":35,"characterPersonality":["healing","cultural"]}', 88, 41) ON DUPLICATE KEY UPDATE icebreaker_id = VALUES(icebreaker_id), character_id = VALUES(character_id), category = VALUES(category), message = VALUES(message), context_json = VALUES(context_json), effectiveness = VALUES(effectiveness), sort_order = VALUES(sort_order);
INSERT INTO personality_growth_triggers (trigger_key, trait_key, change_amount) VALUES ('positive_interaction', 'confidence', 2) ON DUPLICATE KEY UPDATE trigger_key = VALUES(trigger_key), trait_key = VALUES(trait_key), change_amount = VALUES(change_amount);
INSERT INTO personality_growth_triggers (trigger_key, trait_key, change_amount) VALUES ('positive_interaction', 'trust', 3) ON DUPLICATE KEY UPDATE trigger_key = VALUES(trigger_key), trait_key = VALUES(trait_key), change_amount = VALUES(change_amount);
INSERT INTO personality_growth_triggers (trigger_key, trait_key, change_amount) VALUES ('positive_interaction', 'openness', 2) ON DUPLICATE KEY UPDATE trigger_key = VALUES(trigger_key), trait_key = VALUES(trait_key), change_amount = VALUES(change_amount);
INSERT INTO personality_growth_triggers (trigger_key, trait_key, change_amount) VALUES ('positive_interaction', 'empathy', 1) ON DUPLICATE KEY UPDATE trigger_key = VALUES(trigger_key), trait_key = VALUES(trait_key), change_amount = VALUES(change_amount);
INSERT INTO personality_growth_triggers (trigger_key, trait_key, change_amount) VALUES ('positive_interaction', 'warmth', 2) ON DUPLICATE KEY UPDATE trigger_key = VALUES(trigger_key), trait_key = VALUES(trait_key), change_amount = VALUES(change_amount);
INSERT INTO personality_growth_triggers (trigger_key, trait_key, change_amount) VALUES ('negative_interaction', 'confidence', -1) ON DUPLICATE KEY UPDATE trigger_key = VALUES(trigger_key), trait_key = VALUES(trait_key), change_amount = VALUES(change_amount);
INSERT INTO personality_growth_triggers (trigger_key, trait_key, change_amount) VALUES ('negative_interaction', 'trust', -3) ON DUPLICATE KEY UPDATE trigger_key = VALUES(trigger_key), trait_key = VALUES(trait_key), change_amount = VALUES(change_amount);
INSERT INTO personality_growth_triggers (trigger_key, trait_key, change_amount) VALUES ('negative_interaction', 'openness', -2) ON DUPLICATE KEY UPDATE trigger_key = VALUES(trigger_key), trait_key = VALUES(trait_key), change_amount = VALUES(change_amount);
INSERT INTO personality_growth_triggers (trigger_key, trait_key, change_amount) VALUES ('negative_interaction', 'warmth', -1) ON DUPLICATE KEY UPDATE trigger_key = VALUES(trigger_key), trait_key = VALUES(trait_key), change_amount = VALUES(change_amount);
INSERT INTO personality_growth_triggers (trigger_key, trait_key, change_amount) VALUES ('milestone_achievement', 'confidence', 4) ON DUPLICATE KEY UPDATE trigger_key = VALUES(trigger_key), trait_key = VALUES(trait_key), change_amount = VALUES(change_amount);
INSERT INTO personality_growth_triggers (trigger_key, trait_key, change_amount) VALUES ('milestone_achievement', 'trust', 2) ON DUPLICATE KEY UPDATE trigger_key = VALUES(trigger_key), trait_key = VALUES(trait_key), change_amount = VALUES(change_amount);
INSERT INTO personality_growth_triggers (trigger_key, trait_key, change_amount) VALUES ('milestone_achievement', 'emotional_stability', 3) ON DUPLICATE KEY UPDATE trigger_key = VALUES(trigger_key), trait_key = VALUES(trait_key), change_amount = VALUES(change_amount);
INSERT INTO personality_growth_triggers (trigger_key, trait_key, change_amount) VALUES ('date_success', 'confidence', 3) ON DUPLICATE KEY UPDATE trigger_key = VALUES(trigger_key), trait_key = VALUES(trait_key), change_amount = VALUES(change_amount);
INSERT INTO personality_growth_triggers (trigger_key, trait_key, change_amount) VALUES ('date_success', 'trust', 2) ON DUPLICATE KEY UPDATE trigger_key = VALUES(trigger_key), trait_key = VALUES(trait_key), change_amount = VALUES(change_amount);
INSERT INTO personality_growth_triggers (trigger_key, trait_key, change_amount) VALUES ('date_success', 'openness', 2) ON DUPLICATE KEY UPDATE trigger_key = VALUES(trigger_key), trait_key = VALUES(trait_key), change_amount = VALUES(change_amount);
INSERT INTO personality_growth_triggers (trigger_key, trait_key, change_amount) VALUES ('date_success', 'playfulness', 1) ON DUPLICATE KEY UPDATE trigger_key = VALUES(trigger_key), trait_key = VALUES(trait_key), change_amount = VALUES(change_amount);
INSERT INTO personality_growth_triggers (trigger_key, trait_key, change_amount) VALUES ('date_failure', 'confidence', -2) ON DUPLICATE KEY UPDATE trigger_key = VALUES(trigger_key), trait_key = VALUES(trait_key), change_amount = VALUES(change_amount);
INSERT INTO personality_growth_triggers (trigger_key, trait_key, change_amount) VALUES ('date_failure', 'trust', -1) ON DUPLICATE KEY UPDATE trigger_key = VALUES(trigger_key), trait_key = VALUES(trait_key), change_amount = VALUES(change_amount);
INSERT INTO personality_growth_triggers (trigger_key, trait_key, change_amount) VALUES ('date_failure', 'openness', -1) ON DUPLICATE KEY UPDATE trigger_key = VALUES(trigger_key), trait_key = VALUES(trait_key), change_amount = VALUES(change_amount);
INSERT INTO personality_growth_triggers (trigger_key, trait_key, change_amount) VALUES ('conversation_choice', 'trust', 1) ON DUPLICATE KEY UPDATE trigger_key = VALUES(trigger_key), trait_key = VALUES(trait_key), change_amount = VALUES(change_amount);
INSERT INTO personality_growth_triggers (trigger_key, trait_key, change_amount) VALUES ('conversation_choice', 'openness', 1) ON DUPLICATE KEY UPDATE trigger_key = VALUES(trigger_key), trait_key = VALUES(trait_key), change_amount = VALUES(change_amount);
INSERT INTO personality_growth_triggers (trigger_key, trait_key, change_amount) VALUES ('conversation_choice', 'empathy', 1) ON DUPLICATE KEY UPDATE trigger_key = VALUES(trigger_key), trait_key = VALUES(trait_key), change_amount = VALUES(change_amount);
INSERT INTO personality_growth_triggers (trigger_key, trait_key, change_amount) VALUES ('conflict_resolution', 'trust', 4) ON DUPLICATE KEY UPDATE trigger_key = VALUES(trigger_key), trait_key = VALUES(trait_key), change_amount = VALUES(change_amount);
INSERT INTO personality_growth_triggers (trigger_key, trait_key, change_amount) VALUES ('conflict_resolution', 'emotional_stability', 3) ON DUPLICATE KEY UPDATE trigger_key = VALUES(trigger_key), trait_key = VALUES(trait_key), change_amount = VALUES(change_amount);
INSERT INTO personality_growth_triggers (trigger_key, trait_key, change_amount) VALUES ('conflict_resolution', 'patience', 2) ON DUPLICATE KEY UPDATE trigger_key = VALUES(trigger_key), trait_key = VALUES(trait_key), change_amount = VALUES(change_amount);
INSERT INTO personality_growth_triggers (trigger_key, trait_key, change_amount) VALUES ('conflict_resolution', 'empathy', 2) ON DUPLICATE KEY UPDATE trigger_key = VALUES(trigger_key), trait_key = VALUES(trait_key), change_amount = VALUES(change_amount);
COMMIT;
